pid,catalog_key
uva-lib:602113,u1938996
uva-lib:617009,u2357382
uva-lib:611405,u2306461
uva-lib:611515,u2251010
uva-lib:612978,u2274954
uva-lib:613733,u2264032
uva-lib:614130,u2306460
uva-lib:614209,u2357381
uva-lib:616392,u2032434
uva-lib:653195,u2083168
uva-lib:1002813,u4391170
uva-lib:1002816,u2224840
uva-lib:626791,u2244126
uva-lib:1002819,u2245726
uva-lib:1002820,u2341170
uva-lib:1002821,u2360389
uva-lib:1002822,u2306452
uva-lib:1002826,u2353769
uva-lib:1002827,u2275274
uva-lib:770707,u2341179
uva-lib:770705,u2302065
uva-lib:770706,u2302073
uva-lib:770709,u2359918
uva-lib:770710,u2360490
uva-lib:770704,u2360654
uva-lib:1002864,u4672544
uva-lib:770571,u2263894
uva-lib:770573,u2263522
uva-lib:770574,u2261013
uva-lib:610691,u2032396
uva-lib:1002916,u2353541
uva-lib:1002917,u2307419
uva-lib:1002926,u3550034
uva-lib:627104,u3834700
uva-lib:770587,u2360398
uva-lib:770585,u2360414
uva-lib:770584,u2360420
uva-lib:770580,u2360474
uva-lib:1002939,u3693860
uva-lib:1002967,u829634
uva-lib:1002971,u2353773
uva-lib:1002974,u2271849
uva-lib:1002975,u2251015
uva-lib:1002976,u2253036
uva-lib:1002981,u2032219
uva-lib:1002982,u2032259
uva-lib:1002983,u2032181
uva-lib:1002985,u2032317
uva-lib:610693,u2036416
uva-lib:842022,u2032352
uva-lib:606291,u2032356
uva-lib:606293,u2032370
uva-lib:610695,u2032373
uva-lib:627122,u2032401
uva-lib:610694,u2036571
uva-lib:1002986,u2032427
uva-lib:610702,u2032419
uva-lib:610701,u2036387
uva-lib:1002988,u1346896
uva-lib:1002995,u211938
tsb:1357,u2030901
uva-lib:1003000,u2963626
uva-lib:1003006,u2262173
uva-lib:1003031,u2664152
uva-lib:1003053,u2050329
uva-lib:627124,u2921462
uva-lib:627118,u2092196
uva-lib:627119,u2895312
uva-lib:1003082,u2031763
uva-lib:1003096,u1982751
uva-lib:1003146,u2031691
uva-lib:1003147,u4004690
uva-lib:1003148,u2036498
uva-lib:1003153,u1373066
uva-lib:1003165,u824437
uva-lib:1003167,u824420
uva-lib:727477,u825970
uva-lib:1003171,u825237
uva-lib:1003178,u2268609
uva-lib:1003179,u2037456
uva-lib:616439,u2003577
uva-lib:1003181,u4349410
uva-lib:1003207,u823822
uva-lib:1003218,u833887
tsb:1642,u3505012
uva-lib:602598,u152207
uva-lib:727397,u828609
uva-lib:727399,u829241
uva-lib:677609,u2955534
uva-lib:770508,u3502079
uva-lib:770519,u4850703
uva-lib:770628,u2036643
uva-lib:770648,u2404603
uva-lib:770646,u2085971
uva-lib:770590,u3554772
tsb:2013,u2048183
uva-lib:1003265,u4506990
uva-lib:1003266,u4341523
uva-lib:830004,u2442709
uva-lib:1003267,u2828867
uva-lib:1003278,u4706225
uva-lib:1003279,u4711027
uva-lib:1003281,u4718946
uva-lib:1003282,u4719133
uva-lib:1003283,u4721243
uva-lib:1003289,u4735827
uva-lib:1003290,u4735825
uva-lib:1003291,u4735828
uva-lib:1003300,u4742336
uva-lib:1003301,u4735831
uva-lib:1003302,u4735833
uva-lib:1003303,u4735848
uva-lib:1003304,u4735849
uva-lib:1003306,u4735832
uva-lib:1003311,u4726619
uva-lib:1003320,u4609251
uva-lib:1003323,u4742335
uva-lib:1003325,u4743510
uva-lib:1003326,u4743515
uva-lib:1003327,u4743507
uva-lib:1003328,u4743732
uva-lib:1003332,u4743500
uva-lib:1003334,u4705645
uva-lib:1003335,u4705646
uva-lib:1003337,u4742334
uva-lib:1003338,u4742214
uva-lib:1003339,u4742212
uva-lib:1003340,u4742173
uva-lib:1003342,u4742077
uva-lib:1003344,u4726554
uva-lib:1003345,u4726616
uva-lib:1003346,u4735826
uva-lib:1003347,u4735829
uva-lib:1003348,u4743733
uva-lib:1003349,u4743735
uva-lib:1003350,u4743734
uva-lib:1003352,u4743736
uva-lib:1003353,u4722262
uva-lib:1003365,u4745168
uva-lib:1003368,u4745163
uva-lib:1003369,u4510963
uva-lib:1003372,u4595345
uva-lib:1003374,u4354994
uva-lib:1003377,u3880655
uva-lib:1003381,u4745167
uva-lib:1003384,u4595328
uva-lib:1003385,u4510961
uva-lib:1003387,u1754201
uva-lib:1003392,u4716614
uva-lib:1003393,u4716640
uva-lib:1003397,u4744948
uva-lib:1003398,u4745169
uva-lib:1003410,u4706230
uva-lib:1003411,u4716681
uva-lib:1003413,u4744946
uva-lib:1003415,u3580013
uva-lib:1003423,u4220740
uva-lib:1003427,u4747674
uva-lib:1003428,u4746886
uva-lib:1003429,u4747887
uva-lib:1003435,u3976045
uva-lib:1003436,u4695768
uva-lib:1003442,u4709200
uva-lib:1003447,u4709199
uva-lib:1003448,u4695760
uva-lib:1003449,u4751064
uva-lib:1003450,u4751068
uva-lib:1003451,u4751071
uva-lib:1003452,u4751072
uva-lib:1003453,u4751070
uva-lib:1003454,u4751067
uva-lib:1003459,u4686323
uva-lib:1003460,u4509286
uva-lib:1003470,u4752256
uva-lib:1003471,u4752255
uva-lib:1003472,u4752254
uva-lib:1003478,u4752252
uva-lib:1003482,u4746888
uva-lib:1003484,u4751065
uva-lib:1003488,u4753471
uva-lib:1003489,u4753554
uva-lib:1003490,u4753550
uva-lib:1003491,u4753499
uva-lib:1003492,u4753472
uva-lib:1003493,u4753481
uva-lib:1003494,u4753415
uva-lib:1003495,u4753470
uva-lib:1003496,u4470081
uva-lib:1003497,u4751066
uva-lib:1003499,u4751080
uva-lib:1003500,u4748587
uva-lib:1003501,u4753392
uva-lib:1003502,u4753469
uva-lib:1003506,u4754800
uva-lib:1003507,u4754970
uva-lib:1003509,u4756281
uva-lib:1003511,u4756319
uva-lib:1003514,u4755161
uva-lib:1003516,u4755162
uva-lib:1003517,u4755160
uva-lib:1003519,u4754971
uva-lib:1003524,u1793578
uva-lib:1003525,u4594103
uva-lib:1003526,u4594101
uva-lib:1003527,u4512336
uva-lib:1003530,u4753345
uva-lib:1003531,u4753385
uva-lib:1003532,u4753385
uva-lib:1003538,u4357324
uva-lib:1003539,u4357352
uva-lib:1003542,u4760248
uva-lib:1003544,u4760261
uva-lib:1003546,u4512338
uva-lib:1003548,u4512334
uva-lib:1003551,u4508700
uva-lib:1003552,u4509289
uva-lib:1003554,u4760045
uva-lib:1003556,u4765713
uva-lib:1003558,u4773997
uva-lib:1003559,u4773977
uva-lib:1003560,u4773860
uva-lib:1003561,u4773492
uva-lib:1003562,u4773812
uva-lib:1003563,u4773869
uva-lib:1003564,u4773896
uva-lib:1003566,u4773963
uva-lib:1003567,u4765712
uva-lib:1003572,u4721186
uva-lib:1003573,u4721191
uva-lib:1003576,u4718959
uva-lib:1003578,u4718003
uva-lib:1003582,u3873974
uva-lib:1003583,u4776278
uva-lib:1003584,u4776273
uva-lib:1003587,u4757727
uva-lib:1003589,u4755167
uva-lib:1003590,u4754998
uva-lib:1003594,u4752250
uva-lib:1003595,u4751079
uva-lib:1003596,u4751076
uva-lib:1003599,u4765714
uva-lib:1003603,u4691162
uva-lib:1003608,u4757720
uva-lib:1003619,u4753397
uva-lib:1003621,u4753424
uva-lib:1003622,u4776269
uva-lib:1003623,u4776272
uva-lib:1003625,u4757723
uva-lib:1003629,u4779589
uva-lib:1003631,u4776270
uva-lib:1003633,u4776268
uva-lib:1003634,u4776188
uva-lib:1003640,u4780198
uva-lib:1003647,u2002130
uva-lib:1003673,u4506991
uva-lib:1003678,u4506989
uva-lib:1003684,u4475421
uva-lib:1003685,u4594119
uva-lib:1003693,u3545105
uva-lib:1003699,u4509281
uva-lib:1003701,u4595352
uva-lib:1003703,u4342336
uva-lib:1003723,u4506390
uva-lib:770589,u3544938
uva-lib:1003726,u2959145
uva-lib:710281,u2716440
uva-lib:1003727,u2123213
tsb:2500,u1790906
uva-lib:1003733,u3545115
tsb:3002,u2091463
tsb:3009,u3795347
tsb:3109,u2884151
uva-lib:1003785,u2915700
uva-lib:770664,u2622424
uva-lib:831516,u4775658
uva-lib:770557,u3928018
tsb:6091,u2328978
uva-lib:616716,u2037111
uva-lib:616726,u2339493
uva-lib:616733,u4454970
uva-lib:616734,u2437570
uva-lib:616741,u4466673
uva-lib:616751,u218121
uva-lib:616763,u4470080
uva-lib:616764,u4470081
uva-lib:616765,u4470083
uva-lib:616766,u4470084
uva-lib:616770,u3545097
uva-lib:616800,u4471567
uva-lib:616816,u4472942
uva-lib:616831,u4472941
uva-lib:616835,u4472940
uva-lib:616838,u4311183
uva-lib:616840,u4454718
uva-lib:616841,u4454735
uva-lib:616842,u4454736
uva-lib:616849,u4456042
uva-lib:616850,u4456668
uva-lib:616863,u4465014
uva-lib:616865,u4465017
uva-lib:616866,u4465015
uva-lib:616917,u2037111
uva-lib:616918,u3819118
uva-lib:616919,u3726296
uva-lib:616920,u3545963
uva-lib:616924,u2475984
uva-lib:616925,u4335076
uva-lib:616926,u2435493
tsb:6431,u201044
uva-lib:616957,u2438182
uva-lib:616958,u2031292
uva-lib:616965,u4456669
uva-lib:616968,u4466526
uva-lib:616969,u4466526
uva-lib:616976,u4800123
uva-lib:616977,u4797811
uva-lib:616980,u4859552
uva-lib:616981,u4859428
uva-lib:616982,u4859434
uva-lib:616990,u4787516
uva-lib:1003968,u4879899
uva-lib:1003985,u4857545
uva-lib:1003986,u4857546
uva-lib:1003989,u4819150
uva-lib:1003998,u4796721
uva-lib:1004001,u4796715
uva-lib:1004093,u4470227
uva-lib:1004175,u1907655
uva-lib:1004181,u1907655
uva-lib:1004182,u4868100
uva-lib:1004184,u4866126
uva-lib:1004185,u4869565
uva-lib:1004187,u4868101
uva-lib:1004188,u4850935
uva-lib:1004193,u4813478
uva-lib:1004194,u4810012
uva-lib:1004197,u4802193
uva-lib:1004199,u4797813
uva-lib:1004200,u4797810
uva-lib:1004201,u4801335
uva-lib:1004207,u4801960
uva-lib:1004210,u4808203
uva-lib:1004215,u4866151
uva-lib:1004216,u2394600
uva-lib:1004219,u4868102
uva-lib:1004220,u4850972
uva-lib:1004221,u4824053
uva-lib:1004222,u4813070
uva-lib:1004223,u4813094
uva-lib:1004228,u2477419
uva-lib:770688,u2339537
uva-lib:770689,u2339537
uva-lib:770690,u2363354
uva-lib:770691,u2359967
uva-lib:770692,u2361325
uva-lib:1004246,u4470085
uva-lib:1004247,u2402567
uva-lib:1004254,u4466670
uva-lib:1004255,u4470133
uva-lib:1004256,u4470088
uva-lib:1004259,u4474665
uva-lib:1004269,u4043090
uva-lib:1004270,u4043090
uva-lib:1004271,u4043093
uva-lib:605562,u829541
uva-lib:1004275,u836247
uva-lib:1004288,u4814904
uva-lib:1004289,u4819164
uva-lib:600005,u4850815
uva-lib:600013,u4813080
uva-lib:600014,u4820739
uva-lib:600015,u4820793
uva-lib:600017,u4854431
uva-lib:600018,u4854468
uva-lib:600019,u4850616
uva-lib:600020,u4850814
uva-lib:600021,u4834070
uva-lib:600024,u4822724
uva-lib:600030,u4868094
uva-lib:600031,u4879897
uva-lib:600032,u4879897
uva-lib:600033,u4879897
uva-lib:600034,u4879897
uva-lib:600036,u4869583
uva-lib:600037,u4850919
uva-lib:600038,u4850970
uva-lib:600039,u4824062
uva-lib:600043,u4820713
uva-lib:600045,u4813315
uva-lib:602670,u4609266
uva-lib:602672,u4609264
uva-lib:602673,u1971965
uva-lib:602674,u1971915
uva-lib:606692,u2032376
uva-lib:606693,u2032554
uva-lib:606694,u2036308
uva-lib:606695,u2036269
uva-lib:616021,u2032545
uva-lib:1004315,u4850972
uva-lib:1004321,u5006750
uva-lib:1004324,u821334
uva-lib:677621,u3901593
uva-lib:701335,u2036365
uva-lib:701475,u2942212
uva-lib:705752,u4977286
uva-lib:705753,u4977283
uva-lib:705754,u4977331
uva-lib:705755,u5008062
uva-lib:705756,u4897121
uva-lib:705770,u4510975
uva-lib:705771,u4375073
uva-lib:707366,u2339552
uva-lib:711624,u378977
uva-lib:712489,u5067678
uva-lib:712499,u3545108
uva-lib:712511,u4897996
uva-lib:717978,u2811723
uva-lib:718759,u2811715
uva-lib:729518,u3545792
uva-lib:729524,u4594095
uva-lib:729536,u3545109
uva-lib:729546,u4719134
uva-lib:729569,u2264037
uva-lib:729599,u2262175
uva-lib:729611,u2285786
uva-lib:729612,u2268606
uva-lib:729613,u2268607
uva-lib:729614,u2363442
uva-lib:729615,u2254202
uva-lib:729624,u2225144
uva-lib:729646,u2862865
uva-lib:729650,u2244127
uva-lib:730671,u2317671
uva-lib:730672,u2353772
uva-lib:730699,u2229525
uva-lib:730700,u2265950
uva-lib:730701,u2247022
uva-lib:730703,u2262566
uva-lib:730704,u4038484
uva-lib:730706,u2285793
uva-lib:730707,u2306449
uva-lib:730708,u2228008
uva-lib:730710,u2358754
uva-lib:730711,u2358658
uva-lib:730713,u2359559
uva-lib:730714,u2360858
uva-lib:730717,u2244131
uva-lib:730718,u2361139
uva-lib:730719,u2358944
uva-lib:730720,u2228009
uva-lib:730721,u2265944
uva-lib:730722,u2285791
uva-lib:730723,u2300546
uva-lib:730729,u2290506
uva-lib:730838,u2253025
uva-lib:730839,u2255593
uva-lib:730840,u2353695
uva-lib:735041,u4348636
uva-lib:735046,u5069581
uva-lib:738683,u2366967
uva-lib:738686,u2265945
uva-lib:738689,u2255584
uva-lib:743038,u1785732
tsb:8615,u201044
uva-lib:743707,u5122069
uva-lib:743709,u5124439
uva-lib:743715,u5123378
uva-lib:743719,u5089868
uva-lib:743721,u3735685
uva-lib:743723,u4699724
uva-lib:743724,u4697604
uva-lib:743725,u4697603
uva-lib:743726,u4344944
uva-lib:743728,u5009368
uva-lib:743729,u5009409
uva-lib:743730,u4900982
uva-lib:743731,u4895896
uva-lib:743732,u4951854
uva-lib:743733,u4510973
uva-lib:743735,u4893795
uva-lib:744445,u4345547
uva-lib:744446,u4345329
uva-lib:744460,u4345272
uva-lib:745506,u2300555
uva-lib:745507,u2333789
uva-lib:747313,u5079324
uva-lib:751549,u2297622
uva-lib:751550,u2262177
uva-lib:753228,u2358945
uva-lib:753229,u2341173
uva-lib:763929,u2267513
uva-lib:768792,u5157968
uva-lib:768793,u5150084
uva-lib:768798,u5157706
uva-lib:768802,u5149908
uva-lib:768804,u5136542
uva-lib:768805,u5136536
uva-lib:768806,u5136545
uva-lib:768808,u5157814
uva-lib:768810,u5149468
uva-lib:768811,u5158443
uva-lib:768815,u5150047
uva-lib:768816,u5150048
uva-lib:768817,u5149912
uva-lib:768818,u5149517
uva-lib:773537,u2358946
uva-lib:774166,u2245727
uva-lib:774167,u2245728
uva-lib:774168,u2245729
uva-lib:777122,u2262208
uva-lib:777123,u2357886
uva-lib:777124,u2285867
uva-lib:777151,u64548
uva-lib:777169,u2244132
uva-lib:777185,u5161200
uva-lib:777189,u5158954
uva-lib:777191,u5158983
uva-lib:777193,u4857049
uva-lib:777194,u5159146
uva-lib:797794,u2255587
uva-lib:798060,u2265949
uva-lib:798063,u2261278
uva-lib:798065,u2360119
uva-lib:798066,u2251007
uva-lib:798286,u2229522
uva-lib:798287,u2229523
uva-lib:817975,u1924558
uva-lib:825942,u828657
uva-lib:825943,u828656
uva-lib:825948,u2302548
uva-lib:829217,u2262174
uva-lib:829435,u3545936
uva-lib:830147,u4344853
uva-lib:830320,u2302383
uva-lib:838343,u4241670
uva-lib:845301,u4789487
uva-lib:845865,u4505360
uva-lib:1008827,u4473273
uva-lib:1008828,u1781353
uva-lib:1008829,u2036492
uva-lib:1011601,u2357216
uva-lib:1012034,u2306453
uva-lib:1015259,u2338879
uva-lib:1017056,u5240874
uva-lib:1017067,u3954122
uva-lib:1017296,u2339564
uva-lib:1017687,u2286107
uva-lib:1017693,u2229524
uva-lib:1017843,u2357160
uva-lib:1017844,u2339989
uva-lib:1017857,u2276196
uva-lib:1017967,u2247035
uva-lib:1020079,u2272025
uva-lib:1022552,u2357062
uva-lib:1022553,u2357058
tsb:9237,u2338872
uva-lib:1032274,u1983337
uva-lib:1032276,u2674994
uva-lib:1032277,u1785709
uva-lib:1032278,u1785738
uva-lib:1037614,u3803699
uva-lib:1038385,u2251016
uva-lib:1038386,u2255594
uva-lib:1038387,u2253024
uva-lib:1038390,u2247020
uva-lib:1038391,u2340372
uva-lib:1052569,u2244373
uva-lib:1052574,u2246897
uva-lib:1052576,u1381948
uva-lib:1057044,u2278026
uva-lib:1057045,u2247025
uva-lib:1063592,u2341213
uva-lib:1063595,u2229517
uva-lib:1064308,u2385197
uva-lib:1067774,u3793428
uva-lib:1067810,u1790817
uva-lib:1074184,u2297621
uva-lib:1074190,u2234772
uva-lib:1075903,u2360940
uva-lib:1078896,u2244128
uva-lib:1078943,u2245725
uva-lib:1078945,u2278229
uva-lib:1081756,u5170301
uva-lib:1081757,u5170410
uva-lib:1081759,u5074831
uva-lib:1081761,u5170376
uva-lib:1081762,u5170366
uva-lib:1081763,u5192094
uva-lib:1086220,u821033
uva-lib:1086223,u2092015
uva-lib:1086224,u2435849
uva-lib:1086294,u2262330
uva-lib:1086367,u2358154
uva-lib:1090154,u2320156
uva-lib:1090301,u2357782
uva-lib:1090414,u2255854
uva-lib:1099873,u2297623
uva-lib:1099874,u2259406
uva-lib:1102160,u3959600
uva-lib:1102753,u1790744
uva-lib:1109563,u5312958
uva-lib:1109564,u4463234
uva-lib:1109565,u4595355
uva-lib:1109566,u4595354
uva-lib:1109567,u4595353
uva-lib:1109569,u5315562
uva-lib:1109571,u5188130
uva-lib:1110634,u2287889
uva-lib:1110635,u2262848
uva-lib:1110636,u2247028
uva-lib:1110637,u2357935
uva-lib:1114411,u1981628
uva-lib:1116884,u4593770
uva-lib:1116889,u4593887
uva-lib:1116923,u4594232
uva-lib:1116937,u4594272
uva-lib:1116944,u1929210
uva-lib:1116949,u4594294
uva-lib:1116963,u4594555
uva-lib:1116972,u4594559
uva-lib:1116979,u4594568
uva-lib:1116995,u4621633
uva-lib:1117000,u4634427
uva-lib:1117007,u4631171
uva-lib:1117010,u4631173
uva-lib:1117015,u4631173
uva-lib:1117020,u4631177
uva-lib:1117036,u4631188
uva-lib:1117043,u4631198
uva-lib:1117062,u4631214
uva-lib:1117069,u4631242
uva-lib:1117092,u4632569
uva-lib:1117105,u4632607
uva-lib:1117110,u4593873
uva-lib:1117115,u4632724
uva-lib:1117137,u4632725
uva-lib:1117144,u4632789
uva-lib:1117151,u4627182
uva-lib:1117164,u4632814
uva-lib:1117169,u4632817
uva-lib:1117182,u4632859
uva-lib:1117194,u4632862
uva-lib:1117346,u4640862
uva-lib:1117372,u4640872
uva-lib:1117377,u4640875
uva-lib:1117400,u4633028
uva-lib:1117410,u3541661
uva-lib:1118622,u4633695
uva-lib:1118629,u4632776
uva-lib:1118643,u4634051
uva-lib:1118650,u4634080
uva-lib:1118655,u4634087
uva-lib:1118662,u4634091
uva-lib:1118671,u4634146
uva-lib:1118678,u5184309
uva-lib:1118688,u4640879
uva-lib:1118697,u2006734
uva-lib:1118710,u5313295
uva-lib:1118719,u4641969
uva-lib:1118724,u4641974
uva-lib:1118731,u4641976
uva-lib:1118740,u4641980
uva-lib:1118760,u5313296
uva-lib:1118775,u2003498
uva-lib:1118790,u5313297
uva-lib:1118797,u5313298
uva-lib:1118806,u5313299
uva-lib:1118818,u5313300
uva-lib:1118827,u5313301
uva-lib:1118832,u5313302
uva-lib:1118837,u5313303
uva-lib:1118846,u5313304
uva-lib:1118853,u1929066
uva-lib:1118860,u5313305
uva-lib:1118867,u5313306
uva-lib:1118874,u5313307
uva-lib:1118879,u5313308
uva-lib:1118886,u5313309
uva-lib:1118893,u5313310
uva-lib:1118921,u5313311
uva-lib:1118928,u5313312
uva-lib:1118935,u5313313
uva-lib:1118942,u1928965
uva-lib:1118962,u5313314
uva-lib:1118971,u5313315
uva-lib:1118984,u5313316
uva-lib:1119016,u5313317
uva-lib:1119027,u5313318
uva-lib:1119040,u5313319
uva-lib:1119049,u5313320
uva-lib:1119062,u5313320
uva-lib:1119073,u5313321
uva-lib:1119089,u1929444
uva-lib:1119094,u5313322
uva-lib:1119107,u5313323
uva-lib:1119116,u5313324
uva-lib:1119135,u5313325
uva-lib:1119140,u5313326
uva-lib:1119149,u5313327
uva-lib:1119161,u5313328
uva-lib:1119168,u5313329
uva-lib:1119182,u5313330
uva-lib:1119189,u5313331
uva-lib:1119196,u5313332
uva-lib:1119205,u5313333
uva-lib:1119214,u5313334
uva-lib:1119225,u5313335
uva-lib:1119238,u5313336
uva-lib:1119249,u5313337
uva-lib:1119260,u5313338
uva-lib:1119265,u5313339
uva-lib:1119277,u5313340
uva-lib:1119290,u5313341
uva-lib:1119299,u5313342
uva-lib:1119310,u5313343
uva-lib:1119327,u5313344
uva-lib:1119334,u5313345
uva-lib:1119341,u5313346
uva-lib:1119348,u5313347
uva-lib:1119353,u5313348
uva-lib:1119369,u5313349
uva-lib:1119378,u1928863
uva-lib:1119385,u5313350
uva-lib:1119394,u5313351
uva-lib:1119408,u5313352
uva-lib:1119415,u5313353
uva-lib:1119430,u5313354
uva-lib:1119439,u5313355
uva-lib:1119455,u5313356
uva-lib:1119468,u5313357
uva-lib:1119473,u5313358
uva-lib:1119482,u5313359
uva-lib:1119489,u5313360
uva-lib:1119498,u5313361
uva-lib:1119503,u5313362
uva-lib:1119512,u5313363
uva-lib:1119525,u5313364
uva-lib:1119530,u5313365
uva-lib:1119544,u5313366
uva-lib:1119551,u5313367
uva-lib:1119560,u5313368
uva-lib:1119565,u5313369
uva-lib:1119574,u5313370
uva-lib:1119581,u5313371
uva-lib:1119590,u5313372
uva-lib:1119595,u5313373
uva-lib:1119611,u5313374
uva-lib:1119649,u5313375
uva-lib:1119665,u5313376
uva-lib:1119672,u5313377
uva-lib:1119679,u5313378
uva-lib:1119701,u5313379
uva-lib:1119708,u5313380
uva-lib:1119724,u5313381
uva-lib:1119731,u5313382
uva-lib:1119738,u5313383
uva-lib:1119743,u5313384
uva-lib:1119748,u5313385
uva-lib:1119753,u5313386
uva-lib:1119758,u5313387
uva-lib:1119765,u5313388
uva-lib:1119780,u5313389
uva-lib:1119797,u5313390
uva-lib:1119804,u5313391
uva-lib:1119811,u5313392
uva-lib:1119886,u5313393
uva-lib:1119902,u5313394
uva-lib:1119909,u5313395
uva-lib:1119927,u5313396
uva-lib:1119934,u5313397
uva-lib:1119945,u5313398
uva-lib:1119954,u5313399
uva-lib:1119967,u5313400
uva-lib:1120000,u5313401
uva-lib:1120009,u5313402
uva-lib:1120016,u5313403
uva-lib:1120025,u5313404
uva-lib:1120056,u5313405
uva-lib:1120067,u5313405
uva-lib:1120096,u5313406
uva-lib:1120127,u5313413
uva-lib:1120142,u5313409
uva-lib:1120149,u5313410
uva-lib:1120163,u5313411
uva-lib:1120170,u5313412
uva-lib:1120177,u5313407
uva-lib:1120184,u5313408
uva-lib:1120191,u5313414
uva-lib:1120204,u5313415
uva-lib:1120213,u5313416
uva-lib:1120220,u5313417
uva-lib:1120234,u5313418
uva-lib:1120259,u5313419
uva-lib:1120268,u5313420
uva-lib:1120295,u5313421
uva-lib:1120312,u5313422
uva-lib:1120835,u5313423
uva-lib:1120861,u5313424
uva-lib:1120868,u5313425
uva-lib:1120877,u5313426
uva-lib:1120884,u5313427
uva-lib:1120891,u5313428
uva-lib:1120898,u5313429
uva-lib:1120909,u5313430
uva-lib:1120937,u5313431
uva-lib:1120944,u5313432
uva-lib:1120949,u5313433
uva-lib:1120965,u5313434
uva-lib:1120974,u5313435
uva-lib:1120981,u5313436
uva-lib:1120988,u5313437
uva-lib:1121001,u5313438
uva-lib:1121010,u5313439
uva-lib:1121013,u5313440
uva-lib:1121020,u5313441
uva-lib:1121033,u5313445
uva-lib:1121048,u5313442
uva-lib:1121057,u5313443
uva-lib:1121062,u5313444
uva-lib:1121071,u5313446
uva-lib:1121076,u5313447
uva-lib:1121081,u5313448
uva-lib:1121099,u5313449
uva-lib:1121106,u5313450
uva-lib:1121113,u5313451
uva-lib:1121118,u5313452
uva-lib:1121127,u5313453
uva-lib:1121132,u5313454
uva-lib:1121157,u5313455
uva-lib:1121164,u5313456
uva-lib:1121171,u5313457
uva-lib:1121195,u5313458
uva-lib:1121206,u5313459
uva-lib:1121229,u5313460
uva-lib:1121238,u5313460
uva-lib:1121247,u5313461
uva-lib:1121254,u5313462
uva-lib:1121261,u5313463
uva-lib:1121268,u5313464
uva-lib:1121282,u5313465
uva-lib:1121293,u5313465
uva-lib:1121304,u5313466
uva-lib:1121313,u5313467
uva-lib:1121336,u5313468
uva-lib:1121354,u5313469
uva-lib:1121363,u5313470
uva-lib:1121370,u5313471
uva-lib:1121379,u5313472
uva-lib:1121386,u5313473
uva-lib:1121393,u5313474
uva-lib:1121402,u5313475
uva-lib:1121429,u2002756
uva-lib:1121450,u5313477
uva-lib:1121460,u5313478
uva-lib:1121467,u5313479
uva-lib:1121484,u5313480
uva-lib:1121497,u5313481
uva-lib:1121504,u5313482
uva-lib:1121513,u5313483
uva-lib:1121520,u5313484
uva-lib:1121527,u5313485
uva-lib:1121534,u5313485
uva-lib:1121541,u5313485
uva-lib:1121546,u5313486
uva-lib:1121553,u5313487
uva-lib:1121564,u5313488
uva-lib:1121589,u5313490
uva-lib:1121636,u5313491
uva-lib:1121647,u5313492
uva-lib:1121656,u5313493
uva-lib:1121663,u5313493
uva-lib:1121670,u5313494
uva-lib:1121677,u5313495
uva-lib:1121686,u5313496
uva-lib:1121693,u5313497
uva-lib:1121700,u5313498
uva-lib:1121707,u5313499
uva-lib:1121714,u5313500
uva-lib:1121725,u5313501
uva-lib:1121758,u5313502
uva-lib:1121767,u5313503
uva-lib:1121778,u5313504
uva-lib:1121798,u5313505
uva-lib:1121805,u2697518
uva-lib:1121814,u5313506
uva-lib:1121821,u5313507
uva-lib:1121842,u5313508
uva-lib:1121864,u5313509
uva-lib:1121885,u2007667
uva-lib:1121892,u2007667
uva-lib:1121899,u5313510
uva-lib:1121914,u5313511
uva-lib:1121917,u2030565
uva-lib:1121950,u5313512
uva-lib:1121961,u5313513
uva-lib:1121968,u5313514
uva-lib:1121991,u5313515
uva-lib:1121996,u5313516
uva-lib:1122001,u1983046
uva-lib:1122012,u5313517
uva-lib:1122017,u5313518
uva-lib:1122029,u5313519
uva-lib:1122039,u5313520
uva-lib:1122046,u5313521
uva-lib:1122108,u5313522
uva-lib:1122122,u5313524
uva-lib:1122129,u5313525
uva-lib:1122145,u5313526
uva-lib:1122154,u5313527
uva-lib:1122163,u5313528
uva-lib:1122179,u5313529
uva-lib:1122207,u5313530
uva-lib:1122223,u5313531
uva-lib:1122234,u5313532
uva-lib:1122241,u5313533
uva-lib:1122250,u5313534
uva-lib:1122262,u5313535
uva-lib:1122323,u5313536
uva-lib:1122330,u5313537
uva-lib:1122337,u5313538
uva-lib:1122344,u5313539
uva-lib:1122351,u5313540
uva-lib:1122358,u1939477
uva-lib:1122379,u5313541
uva-lib:1122393,u5313542
uva-lib:1122400,u5313543
uva-lib:1122407,u5313544
uva-lib:1122426,u5313545
uva-lib:1122438,u5313546
uva-lib:1122447,u5313547
uva-lib:1122478,u5313548
uva-lib:1122483,u5313548
uva-lib:1122488,u5313548
uva-lib:1122493,u5313548
uva-lib:1122498,u5313549
uva-lib:1122503,u5313550
uva-lib:1122512,u5313551
uva-lib:1122524,u5313552
uva-lib:1122535,u5313553
uva-lib:1122542,u5313554
uva-lib:1122565,u5313555
uva-lib:1122572,u5313556
uva-lib:1122586,u5313557
uva-lib:1122604,u5313558
uva-lib:1122613,u5313559
uva-lib:1122620,u5313560
uva-lib:1122625,u5313561
uva-lib:1122630,u5313562
uva-lib:1122644,u5313563
uva-lib:1122653,u5313564
uva-lib:1122658,u5313565
uva-lib:1122667,u5313566
uva-lib:1122681,u5313567
uva-lib:1122690,u5313568
uva-lib:1122697,u5313569
uva-lib:1122712,u5313570
uva-lib:1122719,u5313571
uva-lib:1122726,u5313572
uva-lib:1122733,u5313573
uva-lib:1122745,u5313574
uva-lib:1122754,u5313575
uva-lib:1122763,u5313576
uva-lib:1122772,u5313577
uva-lib:1122781,u5313578
uva-lib:1122799,u5313579
uva-lib:1122808,u5313580
uva-lib:1122819,u5313581
uva-lib:1122830,u5313582
uva-lib:1122839,u5313583
uva-lib:1122866,u5313584
uva-lib:1122875,u5313585
uva-lib:1122897,u5313586
uva-lib:1122904,u5313587
uva-lib:1122911,u5313588
uva-lib:1122934,u5313589
uva-lib:1122952,u5313590
uva-lib:1122963,u5313591
uva-lib:1122995,u5313592
uva-lib:1123004,u5313593
uva-lib:1123023,u5313594
uva-lib:1123030,u5313595
uva-lib:1123039,u5313596
uva-lib:1123064,u1926052
uva-lib:1123078,u5313597
uva-lib:1123107,u5313598
uva-lib:1123112,u5313599
uva-lib:1123119,u5313600
uva-lib:1123130,u5313601
uva-lib:1123139,u5313602
uva-lib:1123150,u5313603
uva-lib:1123172,u5313604
uva-lib:1123187,u5313605
uva-lib:1123198,u5313606
uva-lib:1123207,u5313607
uva-lib:1123218,u5313608
uva-lib:1123225,u5313609
uva-lib:1123234,u5313610
uva-lib:1123245,u5313611
uva-lib:1123252,u5313612
uva-lib:1123259,u5313613
uva-lib:1123272,u5313614
uva-lib:1123277,u5313615
uva-lib:1123282,u2003087
uva-lib:1123289,u5313616
uva-lib:1123296,u5313617
uva-lib:1123314,u5313618
uva-lib:1123330,u5313619
uva-lib:1123339,u5313620
uva-lib:1123348,u5313621
uva-lib:1123362,u5313622
uva-lib:1123371,u5313623
uva-lib:1123382,u2003070
uva-lib:1123391,u2003073
uva-lib:1123420,u5313624
uva-lib:1123427,u5313625
uva-lib:1123438,u5313626
uva-lib:1123445,u5313627
uva-lib:1123454,u5313628
uva-lib:1123463,u5313629
uva-lib:1123470,u5313630
uva-lib:1123477,u5313631
uva-lib:1123484,u5313632
uva-lib:1123493,u5313632
uva-lib:1123500,u5313633
uva-lib:1123507,u5313634
uva-lib:1123523,u5313635
uva-lib:1123544,u1928586
uva-lib:1123553,u1928586
uva-lib:1123562,u5313636
uva-lib:1123571,u5313637
uva-lib:1123578,u5313637
uva-lib:1123594,u5313638
uva-lib:1123642,u5313639
uva-lib:1123662,u5313640
uva-lib:1123673,u5313641
uva-lib:1123686,u5313642
uva-lib:1123704,u5313643
uva-lib:1123711,u5313644
uva-lib:1123720,u5313645
uva-lib:1123729,u5313646
uva-lib:1123734,u5313647
uva-lib:1123758,u5313648
uva-lib:1123767,u5313649
uva-lib:1123776,u5313650
uva-lib:1123785,u5313651
uva-lib:1123792,u5313652
uva-lib:1123801,u5313653
uva-lib:1123806,u5313654
uva-lib:1123815,u5313654
uva-lib:1123824,u5313655
uva-lib:1123829,u5313656
uva-lib:1123834,u5313657
uva-lib:1123841,u5313658
uva-lib:1123850,u5313659
uva-lib:1123861,u5313660
uva-lib:1123866,u5313661
uva-lib:1123880,u5313662
uva-lib:1123898,u5313663
uva-lib:1123905,u5313665
uva-lib:1123912,u2003146
uva-lib:1123919,u5313666
uva-lib:1123933,u5313667
uva-lib:1123940,u5313668
uva-lib:1123947,u5313669
uva-lib:1123965,u5313670
uva-lib:1123972,u5313671
uva-lib:1123979,u5313672
uva-lib:1123988,u5313673
uva-lib:1123995,u5313674
uva-lib:1124047,u5313675
uva-lib:1124060,u5313676
uva-lib:1124082,u5313677
uva-lib:1124089,u5313678
uva-lib:1124102,u5313679
uva-lib:1124109,u5313680
uva-lib:1124125,u5313681
uva-lib:1124134,u5313682
uva-lib:1124143,u5313683
uva-lib:1124159,u5313684
uva-lib:1124168,u5313685
uva-lib:1124173,u5313686
uva-lib:1124192,u5313687
uva-lib:1124199,u5313688
uva-lib:1124206,u5313689
uva-lib:1124211,u5313690
uva-lib:1124218,u5313691
uva-lib:1124223,u5313692
uva-lib:1124228,u5313693
uva-lib:1124235,u5313694
uva-lib:1124242,u5313695
uva-lib:1124249,u5313696
uva-lib:1124254,u5313697
uva-lib:1124263,u5313698
uva-lib:1124301,u5313699
uva-lib:1124310,u5313700
uva-lib:1124323,u5313701
uva-lib:1124332,u5313702
uva-lib:1124337,u5313703
uva-lib:1124374,u2030463
uva-lib:1124385,u5313704
uva-lib:1124392,u5313705
uva-lib:1124399,u5313706
uva-lib:1124406,u5313707
uva-lib:1124413,u5313708
uva-lib:1124418,u5313709
uva-lib:1124436,u5313710
uva-lib:1124447,u5313711
uva-lib:1124461,u2002202
uva-lib:1124468,u5313712
uva-lib:1124475,u5313713
uva-lib:1124482,u5313714
uva-lib:1124489,u5313715
uva-lib:1124496,u5313716
uva-lib:1124503,u5313716
uva-lib:1124524,u5313717
uva-lib:1124545,u5313718
uva-lib:1124564,u5313719
uva-lib:1124580,u5313720
uva-lib:1124587,u5313721
uva-lib:1124592,u5313722
uva-lib:1124599,u5313723
uva-lib:1124622,u5313724
uva-lib:1124631,u5313725
uva-lib:1124657,u5313726
uva-lib:1124662,u5313727
uva-lib:1124671,u5313728
uva-lib:1124676,u5313729
uva-lib:1124681,u2006048
uva-lib:1124688,u5313730
uva-lib:1124693,u5313731
uva-lib:1124710,u5313732
uva-lib:1124717,u5313733
uva-lib:1124722,u2003142
uva-lib:1124731,u2006613
uva-lib:1124738,u5313734
uva-lib:1124743,u5313735
uva-lib:1124748,u5313736
uva-lib:1124753,u5313737
uva-lib:1124760,u5313738
uva-lib:1124767,u5313739
uva-lib:1124806,u5313740
uva-lib:1124813,u5313741
uva-lib:1124818,u2030993
uva-lib:1124828,u5313742
uva-lib:1124835,u2030634
uva-lib:1124840,u5313743
uva-lib:1124845,u2037286
uva-lib:1124850,u2030708
uva-lib:1124875,u2006048
uva-lib:1124886,u5313744
uva-lib:1124900,u5313745
uva-lib:1124911,u5313746
uva-lib:1124925,u5313747
uva-lib:1124939,u5313748
uva-lib:1124948,u5313749
uva-lib:1124967,u5313750
uva-lib:1124976,u5313751
uva-lib:1124981,u5313752
uva-lib:1124988,u5313753
uva-lib:1125041,u5313754
uva-lib:1125060,u5313755
uva-lib:1125067,u5313756
uva-lib:1125074,u5313757
uva-lib:1125087,u5313758
uva-lib:1125099,u5313759
uva-lib:1125112,u5313760
uva-lib:1125136,u5313761
uva-lib:1125143,u5313762
uva-lib:1125160,u5313763
uva-lib:1125167,u5313764
uva-lib:1125172,u5313765
uva-lib:1125181,u5313766
uva-lib:1125197,u5313767
uva-lib:1125202,u5313768
uva-lib:1125209,u5313769
uva-lib:1125221,u5313770
uva-lib:1125226,u5313771
uva-lib:1125233,u2002611
uva-lib:1125240,u5313772
uva-lib:1125249,u5313773
uva-lib:1125254,u5313774
uva-lib:1125275,u5313775
uva-lib:1125284,u5313776
uva-lib:1125310,u5313777
uva-lib:1125366,u5313778
uva-lib:1125376,u2694613
uva-lib:1125381,u5313779
uva-lib:1125386,u5313780
uva-lib:1125391,u5313781
uva-lib:1125407,u5313782
uva-lib:1125414,u5313783
uva-lib:1125441,u2030199
uva-lib:1125448,u5313784
uva-lib:1125478,u5313785
uva-lib:1125492,u5313786
uva-lib:1125512,u5313787
uva-lib:1125519,u5313788
uva-lib:1125530,u5313789
uva-lib:1125548,u5313790
uva-lib:1125562,u5313791
uva-lib:1125613,u1984196
uva-lib:1125620,u1984196
uva-lib:1125639,u5313792
uva-lib:1125653,u5313793
uva-lib:1125660,u5313794
uva-lib:1125667,u5313795
uva-lib:1125674,u5313796
uva-lib:1125690,u5313797
uva-lib:1125717,u5313798
uva-lib:1125724,u5313799
uva-lib:1125731,u5313800
uva-lib:1125736,u5313801
uva-lib:1125751,u2030794
uva-lib:1125756,u2006949
uva-lib:1125761,u5313802
uva-lib:1125770,u5313803
uva-lib:1125775,u5313804
uva-lib:1125780,u5313805
uva-lib:1125792,u5313806
uva-lib:1125795,u5313807
uva-lib:1125800,u5313808
uva-lib:1125805,u5313809
uva-lib:1125812,u2007328
uva-lib:1125833,u2030208
uva-lib:1125840,u5313810
uva-lib:1125849,u5313811
uva-lib:1125858,u5313812
uva-lib:1125867,u5313813
uva-lib:1125876,u5313814
uva-lib:1125891,u2006349
uva-lib:1125903,u5313815
uva-lib:1125908,u5313816
uva-lib:1125913,u5313817
uva-lib:1125932,u5313818
uva-lib:1125939,u5313819
uva-lib:1125948,u5313820
uva-lib:1125957,u5313821
uva-lib:1125962,u2031519
uva-lib:1125967,u5313822
uva-lib:1125974,u5313823
uva-lib:1125981,u5313824
uva-lib:1126025,u5313825
uva-lib:1126052,u5313826
uva-lib:1126059,u5313827
uva-lib:1126074,u2003284
uva-lib:1126079,u2007269
uva-lib:1126094,u5313828
uva-lib:1126099,u2030660
uva-lib:1126104,u5313829
uva-lib:1126113,u1983599
uva-lib:1126126,u5313830
uva-lib:1126139,u2030949
uva-lib:1126148,u5313831
uva-lib:1126153,u2031421
uva-lib:1126162,u2003452
uva-lib:1126167,u5313832
uva-lib:1126172,u5313833
uva-lib:1126179,u5313834
uva-lib:1126191,u5313835
uva-lib:1126200,u2006302
uva-lib:1126209,u5313836
uva-lib:1126234,u5313837
uva-lib:1126257,u5313838
uva-lib:1126264,u5313839
uva-lib:1126273,u5313840
uva-lib:1126280,u5313841
uva-lib:1126287,u5313842
uva-lib:1126296,u5313843
uva-lib:1126316,u5313844
uva-lib:1126334,u5313845
uva-lib:1126339,u5313846
uva-lib:1126348,u5313847
uva-lib:1126357,u5313848
uva-lib:1126364,u5313849
uva-lib:1126377,u5313850
uva-lib:1126384,u5313851
uva-lib:1126391,u5313852
uva-lib:1129738,u2341174
uva-lib:1129785,u5313853
uva-lib:1129794,u5313854
uva-lib:1129807,u5313855
uva-lib:1129822,u5313856
uva-lib:1129831,u5313857
uva-lib:1129838,u5313858
uva-lib:1129856,u5313859
uva-lib:1129867,u5313860
uva-lib:1129874,u5313860
uva-lib:1129881,u5313861
uva-lib:1129890,u5313862
uva-lib:1129899,u5313863
uva-lib:1129914,u5313864
uva-lib:1129929,u5313865
uva-lib:1129938,u5313866
uva-lib:1129956,u5313867
uva-lib:1129965,u5313868
uva-lib:1129972,u5313869
uva-lib:1129977,u5313870
uva-lib:1129987,u5313871
uva-lib:1129996,u5313872
uva-lib:1130005,u5313873
uva-lib:1130018,u5313874
uva-lib:1130035,u5313875
uva-lib:1130048,u5313876
uva-lib:1130055,u5313877
uva-lib:1130067,u5313878
uva-lib:1130078,u5313879
uva-lib:1130090,u5313880
uva-lib:1130099,u5313881
uva-lib:1130106,u5313882
uva-lib:1130131,u5313883
uva-lib:1130138,u5313884
uva-lib:1130154,u5313885
uva-lib:1130205,u5313886
uva-lib:1130216,u5313887
uva-lib:1130225,u5313887
uva-lib:1130234,u5313887
uva-lib:1130277,u5313888
uva-lib:1130282,u5313889
uva-lib:1130289,u5313890
uva-lib:1130298,u5313891
uva-lib:1130303,u5313892
uva-lib:1130310,u5313893
uva-lib:1130317,u5313894
uva-lib:1130322,u5313895
uva-lib:1130329,u5313896
uva-lib:1130338,u5313897
uva-lib:1130368,u5313898
uva-lib:1130375,u5313899
uva-lib:1130382,u5313900
uva-lib:1130410,u5313901
uva-lib:1130417,u5313902
uva-lib:1130424,u5313903
uva-lib:1130433,u5313904
uva-lib:1130440,u5313905
uva-lib:1130447,u5313906
uva-lib:1130454,u5313907
uva-lib:1130461,u5313908
uva-lib:1130472,u5313909
uva-lib:1130479,u5313910
uva-lib:1130493,u5313911
uva-lib:1130500,u5313912
uva-lib:1130507,u5313913
uva-lib:1130514,u5313914
uva-lib:1130528,u5313915
uva-lib:1130542,u5313916
uva-lib:1130549,u5313917
uva-lib:1130556,u5313918
uva-lib:1130636,u5313919
uva-lib:1130643,u5313920
uva-lib:1130652,u5313921
uva-lib:1130659,u5313922
uva-lib:1130666,u5313923
uva-lib:1130675,u5313924
uva-lib:1130700,u5313925
uva-lib:1130705,u5313926
uva-lib:1130712,u5313927
uva-lib:1130717,u5313928
uva-lib:1130728,u5313929
uva-lib:1130735,u5313930
uva-lib:1130742,u5184301
uva-lib:1130751,u5313931
uva-lib:1130756,u5313932
uva-lib:1130765,u5313933
uva-lib:1130774,u5313934
uva-lib:1130794,u5313935
uva-lib:1130807,u5184302
uva-lib:1130820,u5313936
uva-lib:1130851,u5313937
uva-lib:1130856,u5313938
uva-lib:1130863,u5313939
uva-lib:1130870,u5313940
uva-lib:1130877,u5313941
uva-lib:1130884,u5313941
uva-lib:1130900,u5313942
uva-lib:1130913,u5313943
uva-lib:1130926,u5184309
uva-lib:1130987,u5313945
uva-lib:1130994,u5313944
uva-lib:1131043,u5313946
uva-lib:1131052,u5313947
uva-lib:1131070,u5313948
uva-lib:1131075,u5313949
uva-lib:1131080,u5313950
uva-lib:1131085,u5313951
uva-lib:1131090,u5313952
uva-lib:1131099,u5313953
uva-lib:1131108,u5313954
uva-lib:1131113,u5313955
uva-lib:1131120,u5313956
uva-lib:1131125,u5313957
uva-lib:1131132,u5313958
uva-lib:1131141,u5313959
uva-lib:1131150,u5313960
uva-lib:1131155,u5313961
uva-lib:1131169,u5313962
uva-lib:1131184,u5313963
uva-lib:1131205,u5313964
uva-lib:1131218,u5313965
uva-lib:1131229,u5313966
uva-lib:1131236,u5184302
uva-lib:1131256,u5313967
uva-lib:1131263,u5313968
uva-lib:1131274,u5313969
uva-lib:1131285,u5313970
uva-lib:1131292,u5313971
uva-lib:1131317,u5313972
uva-lib:1131326,u5313973
uva-lib:1131335,u5313974
uva-lib:1131340,u5313975
uva-lib:1131349,u5313976
uva-lib:1131354,u5313977
uva-lib:1131365,u5313978
uva-lib:1131379,u5313979
uva-lib:1131400,u5313980
uva-lib:1131407,u5313981
uva-lib:1131421,u5313982
uva-lib:1131437,u5313983
uva-lib:1131444,u5313983
uva-lib:1131451,u5313984
uva-lib:1131458,u5313985
uva-lib:1131465,u5313986
uva-lib:1131480,u5313987
uva-lib:1131494,u5313988
uva-lib:1131508,u5313989
uva-lib:1131515,u5313990
uva-lib:1131522,u5313991
uva-lib:1131533,u5313992
uva-lib:1131542,u5313993
uva-lib:1131563,u5313994
uva-lib:1131574,u5313995
uva-lib:1131581,u5313995
uva-lib:1131588,u5313996
uva-lib:1131595,u5313997
uva-lib:1131600,u5313998
uva-lib:1131614,u5313999
uva-lib:1131623,u5314000
uva-lib:1131632,u5314000
uva-lib:1131641,u5314000
uva-lib:1131650,u5314001
uva-lib:1131657,u5314001
uva-lib:1131664,u5314002
uva-lib:1131671,u5314003
uva-lib:1131715,u5314004
uva-lib:1131720,u5314005
uva-lib:1131725,u5314006
uva-lib:1131739,u5314007
uva-lib:1131746,u5314008
uva-lib:1131753,u5314009
uva-lib:1131790,u5314010
uva-lib:1131799,u5314011
uva-lib:1131804,u5314012
uva-lib:1131815,u5314013
uva-lib:1131824,u5314014
uva-lib:1131837,u5314015
uva-lib:1131846,u5314016
uva-lib:1131863,u5314017
uva-lib:1131870,u5314018
uva-lib:1131879,u5314019
uva-lib:1131892,u5314020
uva-lib:1131899,u5314021
uva-lib:1131906,u5314022
uva-lib:1131922,u5314023
uva-lib:1131927,u5314024
uva-lib:1131936,u5314025
uva-lib:1131972,u5314026
uva-lib:1132008,u5314027
uva-lib:1132022,u5314028
uva-lib:1132029,u5314029
uva-lib:1132047,u5314030
uva-lib:1132058,u5314031
uva-lib:1132072,u5314032
uva-lib:1132086,u5314033
uva-lib:1132093,u5314034
uva-lib:1132164,u5314035
uva-lib:1132171,u5314036
uva-lib:1132178,u5314037
uva-lib:1132185,u5314038
uva-lib:1132192,u5314039
uva-lib:1132199,u5314040
uva-lib:1132215,u5314041
uva-lib:1132224,u5314042
uva-lib:1132242,u5314043
uva-lib:1132249,u5314044
uva-lib:1132256,u5314045
uva-lib:1132272,u5314046
uva-lib:1132283,u5314047
uva-lib:1132290,u5314048
uva-lib:1132297,u2038550
uva-lib:1132302,u5314049
uva-lib:1132309,u5314050
uva-lib:1132332,u5314051
uva-lib:1132351,u5314052
uva-lib:1132358,u2003646
uva-lib:1132399,u5314053
uva-lib:1132404,u5314054
uva-lib:1132411,u5314055
uva-lib:1132418,u5314056
uva-lib:1132425,u5314057
uva-lib:1132432,u5314058
uva-lib:1132444,u5314059
uva-lib:1132453,u5314060
uva-lib:1132458,u5314061
uva-lib:1132476,u5314062
uva-lib:1132483,u5314063
uva-lib:1132488,u5314064
uva-lib:1132508,u5314065
uva-lib:1132513,u5314066
uva-lib:1132549,u5314067
uva-lib:1132558,u5314068
uva-lib:1132565,u5314069
uva-lib:1132572,u5314070
uva-lib:1132579,u5314071
uva-lib:1132586,u5314072
uva-lib:1132591,u5314073
uva-lib:1132600,u5314074
uva-lib:1132605,u1984263
uva-lib:1132623,u5314075
uva-lib:1132632,u5314076
uva-lib:1132639,u5314077
uva-lib:1132646,u5314078
uva-lib:1132655,u5314079
uva-lib:1132662,u5314080
uva-lib:1132669,u5314081
uva-lib:1132674,u5314082
uva-lib:1132683,u5314083
uva-lib:1132688,u5314084
uva-lib:1132697,u5314085
uva-lib:1132706,u5314086
uva-lib:1132713,u5314087
uva-lib:1132720,u5314088
uva-lib:1132735,u5314089
uva-lib:1132744,u5314091
uva-lib:1132749,u5314090
uva-lib:1132758,u5314090
uva-lib:1132767,u5314092
uva-lib:1132772,u5314093
uva-lib:1132781,u5314094
uva-lib:1132791,u5314095
uva-lib:1132796,u5314096
uva-lib:1132803,u5314097
uva-lib:1132817,u5314098
uva-lib:1132824,u5314099
uva-lib:1132845,u5314100
uva-lib:1132852,u5314101
uva-lib:1132859,u5314101
uva-lib:1132866,u5314111
uva-lib:1132875,u5314112
uva-lib:1132880,u5314102
uva-lib:1132887,u5314102
uva-lib:1132894,u5314103
uva-lib:1132903,u5314104
uva-lib:1132914,u5314105
uva-lib:1132921,u5314106
uva-lib:1132935,u5314107
uva-lib:1132942,u5314108
uva-lib:1132956,u5314109
uva-lib:1132963,u5314110
uva-lib:1132970,u5314113
uva-lib:1132977,u5314114
uva-lib:1132982,u5314115
uva-lib:1133019,u5314116
uva-lib:1133036,u5314117
uva-lib:1133055,u5314118
uva-lib:1133070,u5314119
uva-lib:1133077,u5314119
uva-lib:1133084,u5314120
uva-lib:1133098,u5314121
uva-lib:1133105,u5314122
uva-lib:1133114,u5314123
uva-lib:1133121,u5314124
uva-lib:1133130,u5314125
uva-lib:1133137,u5314126
uva-lib:1133144,u5314126
uva-lib:1133151,u5314127
uva-lib:1133170,u5314128
uva-lib:1133177,u5314129
uva-lib:1133188,u5314130
uva-lib:1133207,u5314131
uva-lib:1133214,u5314132
uva-lib:1133221,u5314133
uva-lib:1133234,u5314134
uva-lib:1133241,u5314135
uva-lib:1133248,u5314136
uva-lib:1133259,u5314137
uva-lib:1133266,u5314138
uva-lib:1133271,u5314139
uva-lib:1133278,u5314140
uva-lib:1133292,u5314141
uva-lib:1133299,u5314142
uva-lib:1133306,u5314143
uva-lib:1133317,u5314144
uva-lib:1133324,u5314145
uva-lib:1133331,u5314146
uva-lib:1133340,u5314147
uva-lib:1133347,u5314148
uva-lib:1133370,u5314149
uva-lib:1133377,u5314150
uva-lib:1133384,u5314151
uva-lib:1133391,u5314152
uva-lib:1133398,u5314153
uva-lib:1133407,u5314154
uva-lib:1133414,u5314155
uva-lib:1133438,u5314156
uva-lib:1133464,u5314157
uva-lib:1133490,u5314158
uva-lib:1133497,u5314158
uva-lib:1133511,u5314159
uva-lib:1133532,u5314162
uva-lib:1133541,u5314160
uva-lib:1133550,u5314161
uva-lib:1133557,u5314163
uva-lib:1133564,u5314164
uva-lib:1133571,u5314165
uva-lib:1133580,u5314166
uva-lib:1133593,u5314167
uva-lib:1133598,u5314168
uva-lib:1133605,u5314169
uva-lib:1133615,u5314170
uva-lib:1133622,u5314171
uva-lib:1133627,u5314172
uva-lib:1133632,u5314173
uva-lib:1133647,u5314174
uva-lib:1133672,u5314175
uva-lib:1133719,u5314176
uva-lib:1133726,u5314177
uva-lib:1133733,u5184444
uva-lib:1133740,u2007823
uva-lib:1133747,u2007823
uva-lib:1133786,u5314178
uva-lib:1133798,u2032410
uva-lib:1133803,u5314179
uva-lib:1133808,u2002310
uva-lib:1133815,u5314180
uva-lib:1133824,u5314181
uva-lib:1133834,u5314182
uva-lib:1133848,u5314183
uva-lib:1133891,u5314184
uva-lib:1133898,u5314185
uva-lib:1133914,u5314186
uva-lib:1133921,u5313476
uva-lib:1133935,u5314187
uva-lib:1133953,u5314188
uva-lib:1133963,u5314189
uva-lib:1133972,u5314192
uva-lib:1133995,u5314190
uva-lib:1134004,u5314191
uva-lib:1134018,u5314193
uva-lib:1134027,u5314194
uva-lib:1134036,u5314195
uva-lib:1134049,u5314196
uva-lib:1134060,u5314197
uva-lib:1134069,u5314198
uva-lib:1134082,u5314199
uva-lib:1134093,u2003619
uva-lib:1134096,u5314200
uva-lib:1134105,u5314201
uva-lib:1134150,u5314202
uva-lib:1134168,u5314203
uva-lib:1134179,u5314204
uva-lib:1134184,u5314204
uva-lib:1134189,u5314205
uva-lib:1134194,u5314206
uva-lib:1134201,u5314207
uva-lib:1134219,u2031723
uva-lib:1134226,u5314208
uva-lib:1134233,u5314209
uva-lib:1134240,u5314210
uva-lib:1134253,u5314211
uva-lib:1134260,u5314212
uva-lib:1134267,u5314213
uva-lib:1134272,u5314214
uva-lib:1134277,u5314215
uva-lib:1134288,u5314216
uva-lib:1134295,u5314217
uva-lib:1134308,u5314218
uva-lib:1134315,u5314219
uva-lib:1134322,u5314220
uva-lib:1134329,u5314221
uva-lib:1134344,u5314222
uva-lib:1134351,u5314223
uva-lib:1134358,u5314224
uva-lib:1134365,u5314225
uva-lib:1134395,u5314226
uva-lib:1134407,u5314227
uva-lib:1134419,u5314228
uva-lib:1134439,u5314229
uva-lib:1134451,u5314230
uva-lib:1134462,u5314231
uva-lib:1134467,u5314232
uva-lib:1134472,u5314233
uva-lib:1134481,u5314234
uva-lib:1134492,u5314235
uva-lib:1134497,u5314236
uva-lib:1134504,u5314237
uva-lib:1134531,u5314238
uva-lib:1134538,u5314239
uva-lib:1134549,u4640862
uva-lib:1134570,u5314240
uva-lib:1134579,u5314241
uva-lib:1134586,u5314242
uva-lib:1134597,u5314243
uva-lib:1134611,u5314244
uva-lib:1134618,u5314245
uva-lib:1134625,u5314246
uva-lib:1134670,u1928967
uva-lib:1134686,u5314247
uva-lib:1134697,u5314247
uva-lib:1134717,u5314248
uva-lib:1134733,u5314249
uva-lib:1134740,u5314250
uva-lib:1134753,u5314251
uva-lib:1134760,u5314252
uva-lib:1134767,u5314253
uva-lib:1134776,u5314254
uva-lib:1134785,u5314255
uva-lib:1134821,u5314256
uva-lib:1134835,u5314257
uva-lib:1134852,u5314258
uva-lib:1134861,u5314259
uva-lib:1134870,u5242351
uva-lib:1134881,u5242351
uva-lib:1134892,u5242351
uva-lib:1134917,u5314260
uva-lib:1134926,u5314261
uva-lib:1134935,u5314262
uva-lib:1134960,u5314263
uva-lib:1134967,u5314264
uva-lib:1135014,u5314265
uva-lib:1135028,u1925791
uva-lib:1135051,u2032456
uva-lib:1135069,u5314266
uva-lib:1135081,u5314267
uva-lib:1135088,u5314268
uva-lib:1135093,u5314269
uva-lib:1135098,u5314270
uva-lib:1135107,u5314271
uva-lib:1135123,u5314272
uva-lib:1135130,u5314273
uva-lib:1135135,u5314274
uva-lib:1135142,u5314275
uva-lib:1135158,u5314276
uva-lib:1135165,u5314277
uva-lib:1135172,u5314278
uva-lib:1135179,u5314279
uva-lib:1135186,u5314280
uva-lib:1135193,u5314281
uva-lib:1135200,u5314282
uva-lib:1135209,u5314283
uva-lib:1135222,u5314284
uva-lib:1135233,u5314310
uva-lib:1135244,u5314286
uva-lib:1135253,u5314287
uva-lib:1135260,u5314288
uva-lib:1135269,u5314289
uva-lib:1135276,u5314290
uva-lib:1135283,u5314291
uva-lib:1135292,u5314292
uva-lib:1135329,u5314293
uva-lib:1135336,u5314294
uva-lib:1135343,u5314295
uva-lib:1135350,u5314296
uva-lib:1135357,u5314297
uva-lib:1135364,u5314298
uva-lib:1135371,u5314299
uva-lib:1135378,u5314300
uva-lib:1135389,u5314301
uva-lib:1135394,u5314302
uva-lib:1135399,u5314303
uva-lib:1135404,u5314304
uva-lib:1135423,u5314305
uva-lib:1135430,u5314306
uva-lib:1135462,u5314307
uva-lib:1135467,u5314308
uva-lib:1135472,u5314309
uva-lib:1135493,u5314285
uva-lib:1135512,u5314311
uva-lib:1135519,u5314312
uva-lib:1135533,u5314313
uva-lib:1135540,u2005915
uva-lib:1135570,u5314314
uva-lib:1135575,u5314315
uva-lib:1135582,u5314316
uva-lib:1135589,u5314317
uva-lib:1135605,u5314318
uva-lib:1135621,u5314319
uva-lib:1135626,u5314320
uva-lib:1135631,u5314321
uva-lib:1135660,u5314322
uva-lib:1135678,u5314323
uva-lib:1135699,u5314324
uva-lib:1135704,u5314325
uva-lib:1135711,u5314326
uva-lib:1135725,u5314327
uva-lib:1135734,u5314328
uva-lib:1135756,u5314329
uva-lib:1135763,u5314330
uva-lib:1135770,u5314331
uva-lib:1135777,u5314332
uva-lib:1135784,u5314333
uva-lib:1135789,u5314334
uva-lib:1135796,u5314335
uva-lib:1135803,u5314336
uva-lib:1135808,u5314337
uva-lib:1135815,u5314338
uva-lib:1135820,u5314339
uva-lib:1135833,u1983185
uva-lib:1135846,u5314340
uva-lib:1135861,u5314341
uva-lib:1135866,u5314342
uva-lib:1135873,u5314343
uva-lib:1135885,u5314344
uva-lib:1135894,u5314344
uva-lib:1135901,u5314345
uva-lib:1135908,u5314346
uva-lib:1135951,u5314347
uva-lib:1135967,u5314348
uva-lib:1135976,u5314349
uva-lib:1135983,u5314350
uva-lib:1135998,u5314351
uva-lib:1136003,u5314352
uva-lib:1136008,u5314353
uva-lib:1136017,u5314354
uva-lib:1136022,u5314355
uva-lib:1136029,u5314356
uva-lib:1136036,u5314357
uva-lib:1136051,u5314358
uva-lib:1136081,u5314359
uva-lib:1136088,u5314360
uva-lib:1136093,u5314361
uva-lib:1136100,u5314362
uva-lib:1136107,u5314363
uva-lib:1136112,u5314364
uva-lib:1136121,u5314365
uva-lib:1136130,u5314366
uva-lib:1136135,u5314367
uva-lib:1136142,u5314368
uva-lib:1136149,u5314369
uva-lib:1136156,u5314370
uva-lib:1136163,u5314371
uva-lib:1136170,u5314372
uva-lib:1136181,u5314372
uva-lib:1136192,u5314373
uva-lib:1136201,u5314374
uva-lib:1136210,u5314375
uva-lib:1136219,u5314376
uva-lib:1136228,u5187019
uva-lib:1136241,u5314377
uva-lib:1136250,u5314378
uva-lib:1136257,u5314379
uva-lib:1136264,u5314380
uva-lib:1136271,u5314381
uva-lib:1136278,u5314382
uva-lib:1136285,u1928850
uva-lib:1136296,u5314383
uva-lib:1136326,u5314384
uva-lib:1136333,u2002607
uva-lib:1136340,u5314385
uva-lib:1136347,u5314386
uva-lib:1136356,u5314387
uva-lib:1136370,u5314388
uva-lib:1136375,u5314389
uva-lib:1136405,u5314390
uva-lib:1136414,u5314391
uva-lib:1136439,u5314392
uva-lib:1136444,u5314393
uva-lib:1136453,u5314394
uva-lib:1136462,u5314395
uva-lib:1136473,u5314395
uva-lib:1136524,u1929441
uva-lib:1136535,u1929441
uva-lib:1136546,u5314396
uva-lib:1136555,u5314397
uva-lib:1136568,u5314398
uva-lib:1136577,u5314399
uva-lib:1136591,u5314400
uva-lib:1136598,u5314401
uva-lib:1136605,u5314402
uva-lib:1136612,u5314403
uva-lib:1136619,u5314404
uva-lib:1136626,u5314405
uva-lib:1136633,u5314406
uva-lib:1136650,u5314407
uva-lib:1136662,u5314408
uva-lib:1136684,u5314409
uva-lib:1136689,u5314410
uva-lib:1136704,u5314411
uva-lib:1136715,u5314411
uva-lib:1136726,u5314411
uva-lib:1136735,u5314411
uva-lib:1136746,u5314411
uva-lib:1136757,u5314411
uva-lib:1136766,u5314411
uva-lib:1136775,u5314412
uva-lib:1136782,u5314413
uva-lib:1136789,u5314414
uva-lib:1136798,u5314415
uva-lib:1136815,u5314416
uva-lib:1136824,u5314417
uva-lib:1136831,u5314418
uva-lib:1136836,u5314419
uva-lib:1136843,u5314420
uva-lib:1136854,u5314421
uva-lib:1136883,u5314422
uva-lib:1136901,u5314423
uva-lib:1136908,u5314424
uva-lib:1136913,u5314425
uva-lib:1136918,u5314426
uva-lib:1136931,u5314427
uva-lib:1136943,u5314428
uva-lib:1136952,u5314429
uva-lib:1136973,u5314430
uva-lib:1136980,u5314431
uva-lib:1136987,u5314432
uva-lib:1136996,u5314432
uva-lib:1137005,u5314432
uva-lib:1137014,u5314433
uva-lib:1137068,u5314434
uva-lib:1137073,u5314435
uva-lib:1137078,u5314436
uva-lib:1137127,u5314437
uva-lib:1137136,u5314438
uva-lib:1137143,u5314439
uva-lib:1137150,u5314440
uva-lib:1137155,u5314441
uva-lib:1137160,u5314442
uva-lib:1137169,u5314443
uva-lib:1137213,u5314444
uva-lib:1137220,u5314445
uva-lib:1137237,u5314446
uva-lib:1137242,u5314447
uva-lib:1137251,u5314448
uva-lib:1137260,u5314449
uva-lib:1137267,u5314450
uva-lib:1137276,u5314450
uva-lib:1137285,u5314451
uva-lib:1137292,u5314452
uva-lib:1137299,u5314453
uva-lib:1137308,u5314454
uva-lib:1137317,u5314455
uva-lib:1137324,u5314456
uva-lib:1137329,u5314457
uva-lib:1137336,u5314458
uva-lib:1137345,u5314459
uva-lib:1137352,u5314460
uva-lib:1137371,u5314461
uva-lib:1137378,u5314462
uva-lib:1137385,u5314463
uva-lib:1137392,u5314464
uva-lib:1137406,u5314465
uva-lib:1137413,u5314466
uva-lib:1137426,u5314467
uva-lib:1137435,u5314468
uva-lib:1137444,u5314469
uva-lib:1137451,u5314470
uva-lib:1137467,u5314471
uva-lib:1137501,u5314472
uva-lib:1137510,u5314472
uva-lib:1137519,u5314473
uva-lib:1137528,u5314474
uva-lib:1137533,u5314475
uva-lib:1137546,u5314476
uva-lib:1137557,u5314477
uva-lib:1137566,u5314478
uva-lib:1137575,u5314479
uva-lib:1137584,u5314480
uva-lib:1137598,u5314481
uva-lib:1137607,u5314482
uva-lib:1137626,u5314483
uva-lib:1137631,u5314484
uva-lib:1137667,u5314485
uva-lib:1137681,u5314486
uva-lib:1137696,u5314487
uva-lib:1137711,u5314488
uva-lib:1137724,u5314489
uva-lib:1137731,u5314490
uva-lib:1137755,u5314491
uva-lib:1137773,u5314492
uva-lib:1137782,u5314493
uva-lib:1137791,u5314494
uva-lib:1137804,u5314495
uva-lib:1137820,u5314496
uva-lib:1137838,u5314497
uva-lib:1137851,u5314498
uva-lib:1137862,u5314499
uva-lib:1137867,u5314500
uva-lib:1137878,u1983061
uva-lib:1137889,u5314501
uva-lib:1137900,u5314502
uva-lib:1137907,u5314503
uva-lib:1137920,u5314504
uva-lib:1137927,u5314505
uva-lib:1137934,u5314506
uva-lib:1137945,u5314507
uva-lib:1137987,u5314508
uva-lib:1138003,u5314509
uva-lib:1138010,u5314510
uva-lib:1138022,u5314511
uva-lib:1138038,u5314512
uva-lib:1138052,u5314513
uva-lib:1138059,u5314514
uva-lib:1138069,u5314515
uva-lib:1138074,u5314516
uva-lib:1138081,u5314517
uva-lib:1138090,u5314518
uva-lib:1138097,u5314519
uva-lib:1138102,u5314520
uva-lib:1138132,u5360737
uva-lib:1138151,u5314521
uva-lib:1138158,u5314522
uva-lib:1138165,u5314523
uva-lib:1138177,u5314524
uva-lib:1138184,u5314525
uva-lib:1138191,u5314526
uva-lib:1138212,u5314527
uva-lib:1138219,u5314527
uva-lib:1138226,u5314528
uva-lib:1138233,u5314529
uva-lib:1138252,u5314530
uva-lib:1138257,u5314531
uva-lib:1138266,u5314532
uva-lib:1138273,u5314533
uva-lib:1138307,u5314534
uva-lib:1138314,u5314535
uva-lib:1138321,u5314536
uva-lib:1138333,u5314537
uva-lib:1138340,u5314538
uva-lib:1138353,u5314539
uva-lib:1138358,u5314540
uva-lib:1138363,u5314541
uva-lib:1138379,u5187082
uva-lib:1138388,u5314543
uva-lib:1138397,u5187083
uva-lib:1138402,u5314544
uva-lib:1138444,u5314545
uva-lib:1138484,u5314546
uva-lib:1138498,u5314547
uva-lib:1138505,u5314548
uva-lib:1138526,u5314549
uva-lib:1138533,u5314550
uva-lib:1138544,u5314551
uva-lib:1138553,u5314552
uva-lib:1138560,u5314553
uva-lib:1138577,u5314554
uva-lib:1138586,u5314555
uva-lib:1138600,u5314556
uva-lib:1138607,u5314557
uva-lib:1138625,u5187097
uva-lib:1138632,u5314558
uva-lib:1138646,u5314559
uva-lib:1138653,u5314560
uva-lib:1138658,u5314561
uva-lib:1138663,u5314562
uva-lib:1138670,u5314563
uva-lib:1138677,u5314564
uva-lib:1138682,u5314565
uva-lib:1138689,u5314566
uva-lib:1138698,u5314567
uva-lib:1138705,u5314568
uva-lib:1138712,u5314569
uva-lib:1138719,u5314570
uva-lib:1138724,u5314571
uva-lib:1138738,u5314572
uva-lib:1138745,u5314573
uva-lib:1138758,u5314574
uva-lib:1138765,u5314575
uva-lib:1138772,u5314576
uva-lib:1138785,u5314577
uva-lib:1138800,u5314578
uva-lib:1138822,u5314579
uva-lib:1138831,u5314580
uva-lib:1138836,u5314581
uva-lib:1138854,u5314582
uva-lib:1138869,u5314583
uva-lib:1138874,u5187101
uva-lib:1138894,u5314586
uva-lib:1138903,u5314586
uva-lib:1138912,u5314587
uva-lib:1138917,u5314588
uva-lib:1138922,u5314589
uva-lib:1138949,u5314590
uva-lib:1138958,u5314592
uva-lib:1138967,u5314592
uva-lib:1138976,u5314593
uva-lib:1138981,u5314594
uva-lib:1138988,u5314595
uva-lib:1139009,u5314596
uva-lib:1139016,u5314597
uva-lib:1139023,u5314598
uva-lib:1139030,u5314599
uva-lib:1139055,u5314600
uva-lib:1139064,u5314601
uva-lib:1139078,u5314602
uva-lib:1139100,u5314603
uva-lib:1139109,u5187111
uva-lib:1139118,u5187111
uva-lib:1139127,u5314605
uva-lib:1139157,u5314606
uva-lib:1139162,u5314607
uva-lib:1139179,u5314608
uva-lib:1139189,u5314609
uva-lib:1139198,u5314610
uva-lib:1139203,u5314611
uva-lib:1139208,u5314612
uva-lib:1139213,u5314613
uva-lib:1139222,u5314614
uva-lib:1139227,u5360820
uva-lib:1139234,u5314615
uva-lib:1139262,u5314616
uva-lib:1139269,u5314617
uva-lib:1139283,u5314618
uva-lib:1139318,u5314619
uva-lib:1139372,u5314620
uva-lib:1139462,u5314621
uva-lib:1139477,u5314622
uva-lib:1139509,u5314623
uva-lib:1139540,u5314624
uva-lib:1139569,u5314626
uva-lib:1139576,u5314627
uva-lib:1139583,u5314628
uva-lib:1139589,u5314630
uva-lib:1139596,u5314631
uva-lib:1139605,u5314633
uva-lib:1139613,u5314636
uva-lib:1139616,u5314637
uva-lib:1139637,u5314638
uva-lib:1139658,u5314639
uva-lib:1139665,u5314639
uva-lib:1139681,u5314640
uva-lib:1139706,u5314641
uva-lib:1139720,u5314643
uva-lib:1139727,u5314643
uva-lib:1139734,u5314644
uva-lib:1139743,u5314645
uva-lib:1139752,u5314646
uva-lib:1139768,u5314647
uva-lib:1139775,u5314648
uva-lib:1139780,u5314649
uva-lib:1139789,u5314650
uva-lib:1139798,u5314651
uva-lib:1139805,u5314652
uva-lib:1139812,u5314653
uva-lib:1139825,u5314654
uva-lib:1139832,u5314655
uva-lib:1139839,u5314656
uva-lib:1139846,u5314657
uva-lib:1139860,u5314658
uva-lib:1139876,u5314659
uva-lib:1139883,u5314660
uva-lib:1139890,u5314661
uva-lib:1139897,u5314662
uva-lib:1139904,u5314663
uva-lib:1139911,u5314664
uva-lib:1139938,u5206230
uva-lib:1139947,u5314666
uva-lib:1139952,u5314667
uva-lib:1139979,u5314668
uva-lib:1139991,u5314669
uva-lib:1140004,u5314670
uva-lib:1140011,u5314671
uva-lib:1140032,u5314672
uva-lib:1140037,u1948718
uva-lib:1140056,u5314673
uva-lib:1140061,u5314674
uva-lib:1140068,u5314675
uva-lib:1140075,u5314676
uva-lib:1140084,u5314677
uva-lib:1140089,u5314678
uva-lib:1140100,u5314679
uva-lib:1140126,u5314680
uva-lib:1140133,u5314681
uva-lib:1140142,u5314682
uva-lib:1140153,u5314683
uva-lib:1140160,u5314684
uva-lib:1140165,u5314685
uva-lib:1140174,u5314686
uva-lib:1140185,u5314687
uva-lib:1140192,u1929047
uva-lib:1140201,u5314688
uva-lib:1140208,u5314689
uva-lib:1140213,u5206591
uva-lib:1140222,u5314690
uva-lib:1140229,u5314691
uva-lib:1140236,u2002800
uva-lib:1140245,u5314692
uva-lib:1140252,u5314693
uva-lib:1140257,u5314694
uva-lib:1140264,u5314695
uva-lib:1140269,u5314696
uva-lib:1140276,u5314697
uva-lib:1140281,u5314698
uva-lib:1140286,u5314699
uva-lib:1140291,u1980283
uva-lib:1140308,u5314700
uva-lib:1140323,u5314700
uva-lib:1140338,u5314701
uva-lib:1140343,u5314702
uva-lib:1140348,u5314703
uva-lib:1140364,u5314704
uva-lib:1140377,u5314705
uva-lib:1140398,u5314706
uva-lib:1140407,u5314708
uva-lib:1140416,u5314707
uva-lib:1140421,u5314709
uva-lib:1140430,u5314710
uva-lib:1140439,u5314711
uva-lib:1140446,u5314712
uva-lib:1140464,u5314714
uva-lib:1140496,u5314717
uva-lib:1140517,u5314718
uva-lib:1140524,u5314719
uva-lib:1140545,u5314720
uva-lib:1140554,u5314722
uva-lib:1140561,u5314723
uva-lib:1140568,u5314724
uva-lib:1140573,u5314725
uva-lib:1140592,u5314721
uva-lib:1140606,u5314722
uva-lib:1140613,u5314726
uva-lib:1140623,u5314727
uva-lib:1140633,u5314728
uva-lib:1140640,u5314729
uva-lib:1140650,u5314730
uva-lib:1140662,u5314731
uva-lib:1140669,u5314732
uva-lib:1140676,u5314733
uva-lib:1140681,u5314734
uva-lib:1140688,u5314735
uva-lib:1140702,u2030418
uva-lib:1140720,u5314736
uva-lib:1140725,u2030203
uva-lib:1140728,u5314737
uva-lib:1140750,u5314738
uva-lib:1140839,u5314739
uva-lib:1140885,u5314740
uva-lib:1140892,u5314741
uva-lib:1140899,u2003164
uva-lib:1140906,u2003164
uva-lib:1140913,u5314742
uva-lib:1140920,u5314743
uva-lib:1140927,u5314744
uva-lib:1140943,u5314745
uva-lib:1140958,u5314746
uva-lib:1140974,u5314747
uva-lib:1141073,u5314748
uva-lib:1141080,u5314749
uva-lib:1141087,u5314750
uva-lib:1141099,u5314751
uva-lib:1141108,u5314713
uva-lib:1141121,u5314752
uva-lib:1141126,u5314753
uva-lib:1141135,u5314754
uva-lib:1141144,u5314755
uva-lib:1141172,u5314756
uva-lib:1141181,u5314757
uva-lib:1141188,u5314758
uva-lib:1141195,u5314759
uva-lib:1141202,u5314760
uva-lib:1141207,u5314665
uva-lib:1141221,u5314761
uva-lib:1141228,u5314761
uva-lib:1141242,u2007458
uva-lib:1141256,u5314763
uva-lib:1141263,u5314764
uva-lib:1141268,u5314765
uva-lib:1141275,u5314766
uva-lib:1141284,u5314767
uva-lib:1141291,u5314768
uva-lib:1141296,u5314762
uva-lib:1141316,u5314769
uva-lib:1141340,u5314770
uva-lib:1141347,u5314771
uva-lib:1141354,u5314771
uva-lib:1141361,u5314772
uva-lib:1141366,u5314773
uva-lib:1141371,u5314774
uva-lib:1141380,u5314775
uva-lib:1141394,u5314776
uva-lib:1141403,u5314777
uva-lib:1141408,u5314778
uva-lib:1141417,u5314779
uva-lib:1141424,u1983056
uva-lib:1141448,u5314780
uva-lib:1141457,u5314781
uva-lib:1141466,u5314782
uva-lib:1141473,u5314783
uva-lib:1141480,u5314784
uva-lib:1141487,u5314785
uva-lib:1141499,u5314786
uva-lib:1141506,u5314787
uva-lib:1141513,u5314788
uva-lib:1141527,u5314790
uva-lib:1141561,u5314791
uva-lib:1141572,u5314789
uva-lib:1141586,u5314792
uva-lib:1141595,u5313489
uva-lib:1141610,u5313523
uva-lib:1141629,u5314584
uva-lib:1141634,u5314591
uva-lib:1141641,u5314604
uva-lib:1141672,u5314632
uva-lib:1141697,u5314634
uva-lib:1141713,u5314715
uva-lib:1141720,u5314716
uva-lib:1141755,u5314793
uva-lib:1141767,u5314794
uva-lib:1141774,u5314795
uva-lib:1141783,u5314796
uva-lib:1141788,u5314797
uva-lib:1141793,u5314798
uva-lib:1141800,u5314799
uva-lib:1141824,u5314800
uva-lib:1141829,u5314801
uva-lib:1141836,u5314802
uva-lib:1141856,u5314803
uva-lib:1141863,u5314804
uva-lib:1141877,u5314805
uva-lib:1141891,u5314806
uva-lib:1141916,u5314807
uva-lib:1141925,u5314808
uva-lib:1141971,u5314809
uva-lib:1141984,u5314810
uva-lib:1142000,u5314811
uva-lib:1142005,u5314812
uva-lib:1142010,u5314813
uva-lib:1142017,u5314814
uva-lib:1142026,u5314815
uva-lib:1142033,u5314816
uva-lib:1142040,u5314817
uva-lib:1142072,u5314818
uva-lib:1142088,u5314819
uva-lib:1142097,u5314820
uva-lib:1142102,u5314821
uva-lib:1142107,u5314822
uva-lib:1142112,u5314823
uva-lib:1142117,u5314824
uva-lib:1142129,u5314827
uva-lib:1142134,u5314828
uva-lib:1142139,u5314825
uva-lib:1142146,u5314826
uva-lib:1142151,u5314829
uva-lib:1142156,u5314830
uva-lib:1142170,u5314831
uva-lib:1142186,u5314832
uva-lib:1142191,u5314833
uva-lib:1142196,u5314834
uva-lib:1142203,u5314835
uva-lib:1142210,u5314836
uva-lib:1142215,u5314837
uva-lib:1142227,u5314838
uva-lib:1142232,u5314839
uva-lib:1142239,u5314840
uva-lib:1142246,u5314841
uva-lib:1142256,u5314842
uva-lib:1142265,u5314843
uva-lib:1142276,u5314844
uva-lib:1142289,u5314845
uva-lib:1142296,u5314846
uva-lib:1142314,u5314847
uva-lib:1142331,u5314848
uva-lib:1142338,u5314849
uva-lib:1142345,u5314850
uva-lib:1142364,u5314852
uva-lib:1142369,u5314851
uva-lib:1142376,u5314853
uva-lib:1142383,u5314854
uva-lib:1142405,u5314855
uva-lib:1142446,u5314856
uva-lib:1142453,u5314857
uva-lib:1142460,u5314858
uva-lib:1142473,u5314859
uva-lib:1142480,u5314860
uva-lib:1142496,u5314861
uva-lib:1142527,u5206770
uva-lib:1142536,u5314862
uva-lib:1142555,u5314863
uva-lib:1142566,u5314864
uva-lib:1142577,u5314865
uva-lib:1142591,u2037534
uva-lib:1142621,u5314866
uva-lib:1142628,u5314867
uva-lib:1142652,u5314868
uva-lib:1142659,u5314869
uva-lib:1142668,u5314870
uva-lib:1142675,u5314871
uva-lib:1142682,u5314872
uva-lib:1142698,u5314873
uva-lib:1142724,u5314874
uva-lib:1142733,u5314875
uva-lib:1142744,u5314876
uva-lib:1142758,u5314877
uva-lib:1142765,u5314878
uva-lib:1142782,u5242351
uva-lib:1142793,u5314879
uva-lib:1142800,u5314880
uva-lib:1142807,u5314881
uva-lib:1142827,u5314882
uva-lib:1142842,u1928713
uva-lib:1142855,u5314883
uva-lib:1142868,u5314884
uva-lib:1142887,u5314885
uva-lib:1142902,u5314886
uva-lib:1142913,u5314887
uva-lib:1142918,u4377957
uva-lib:1142923,u1938697
uva-lib:1142940,u2030659
uva-lib:1142965,u5314888
uva-lib:1143037,u5314889
uva-lib:1143051,u2006977
uva-lib:1143081,u5314890
uva-lib:1143088,u5314891
uva-lib:1143091,u5314892
uva-lib:1143098,u5314893
uva-lib:1143105,u5314894
uva-lib:1143142,u5314895
uva-lib:1143145,u5314896
uva-lib:1143154,u5314897
uva-lib:1143161,u5314898
uva-lib:1143188,u5314899
uva-lib:1143210,u5314900
uva-lib:1143223,u5314900
uva-lib:1143281,u5314901
uva-lib:1143288,u5314902
uva-lib:1143316,u5314903
uva-lib:1143321,u5314904
uva-lib:1143330,u5314905
uva-lib:1143337,u5314906
uva-lib:1143344,u5314907
uva-lib:1143351,u5314908
uva-lib:1143360,u5314909
uva-lib:1143365,u5314910
uva-lib:1143372,u5314911
uva-lib:1143386,u5314912
uva-lib:1143391,u5314913
uva-lib:1143396,u5314913
uva-lib:1143401,u5314914
uva-lib:1143406,u5314915
uva-lib:1143411,u5314916
uva-lib:1143424,u5314917
uva-lib:1143429,u5314918
uva-lib:1143447,u5314919
uva-lib:1143468,u5314920
uva-lib:1143484,u5314921
uva-lib:1143493,u5314922
uva-lib:1143502,u5314923
uva-lib:1143511,u5314924
uva-lib:1143518,u5314925
uva-lib:1143529,u5314926
uva-lib:1143538,u5314927
uva-lib:1143555,u5314928
uva-lib:1143586,u5314929
uva-lib:1143602,u5314930
uva-lib:1143609,u5314931
uva-lib:1143620,u5314932
uva-lib:1143631,u5314933
uva-lib:1143638,u5314934
uva-lib:1143665,u5314935
uva-lib:1143672,u5314936
uva-lib:1143677,u5314937
uva-lib:1143696,u5314938
uva-lib:1143703,u5314939
uva-lib:1143708,u5314940
uva-lib:1143717,u5314941
uva-lib:1143724,u5314942
uva-lib:1143740,u5314943
uva-lib:1143747,u5314944
uva-lib:1143754,u5314945
uva-lib:1143763,u2007803
uva-lib:1143772,u5314946
uva-lib:1143779,u5314947
uva-lib:1143799,u5314948
uva-lib:1143820,u5314949
uva-lib:1143827,u5314950
uva-lib:1143863,u5314963
uva-lib:1143872,u5314964
uva-lib:1143879,u5314964
uva-lib:1143886,u5314951
uva-lib:1143895,u5314952
uva-lib:1143902,u5314953
uva-lib:1143909,u5314954
uva-lib:1143916,u5314955
uva-lib:1143925,u5314956
uva-lib:1143930,u5314957
uva-lib:1143939,u5314958
uva-lib:1143953,u5314959
uva-lib:1143958,u5314960
uva-lib:1143967,u5314961
uva-lib:1143974,u5314962
uva-lib:1143991,u5314965
uva-lib:1144006,u5314966
uva-lib:1144026,u5314967
uva-lib:1144033,u5314968
uva-lib:1144040,u5314969
uva-lib:1144055,u5206828
uva-lib:1144076,u5314970
uva-lib:1144100,u5314971
uva-lib:1144113,u5314972
uva-lib:1144126,u5314973
uva-lib:1144160,u5314974
uva-lib:1144176,u5314975
uva-lib:1144187,u5314987
uva-lib:1144218,u5366002
uva-lib:1144234,u5314976
uva-lib:1144241,u5314977
uva-lib:1144262,u2260016
uva-lib:1144271,u5314978
uva-lib:1144280,u5314979
uva-lib:1144289,u5314980
uva-lib:1144296,u5314981
uva-lib:1144303,u5314982
uva-lib:1144312,u1983992
uva-lib:1144319,u1983992
uva-lib:1144326,u5314983
uva-lib:1144333,u5314983
uva-lib:1144356,u5314984
uva-lib:1144363,u5206920
uva-lib:1144368,u5314985
uva-lib:1144375,u5314986
uva-lib:1144382,u5314988
uva-lib:1144407,u5314989
uva-lib:1144425,u5314990
uva-lib:1144430,u5314991
uva-lib:1144454,u5314992
uva-lib:1144459,u2523782
uva-lib:1144471,u5314993
uva-lib:1144478,u5314994
uva-lib:1144509,u5314995
uva-lib:1144525,u5314996
uva-lib:1144530,u5314997
uva-lib:1144537,u5314998
uva-lib:1144544,u5314999
uva-lib:1144583,u5315000
uva-lib:1144601,u5315001
uva-lib:1144608,u5315002
uva-lib:1144615,u5315003
uva-lib:1144620,u5315003
uva-lib:1144632,u5315004
uva-lib:1144639,u5315005
uva-lib:1144653,u5315006
uva-lib:1144667,u5315007
uva-lib:1144681,u5206932
uva-lib:1144701,u5315008
uva-lib:1144708,u5315009
uva-lib:1144715,u5315010
uva-lib:1144722,u5315013
uva-lib:1144731,u5315014
uva-lib:1144773,u5315015
uva-lib:1144780,u5315016
uva-lib:1144793,u5315017
uva-lib:1144809,u5315018
uva-lib:1144814,u5315019
uva-lib:1144819,u5315020
uva-lib:1144826,u5315021
uva-lib:1144833,u5315022
uva-lib:1144844,u5315023
uva-lib:1144900,u5315024
uva-lib:1144909,u5315025
uva-lib:1144914,u5315026
uva-lib:1144942,u5315027
uva-lib:1144949,u5315028
uva-lib:1144973,u5315029
uva-lib:1144991,u5315030
uva-lib:1145014,u5315031
uva-lib:1145021,u5315032
uva-lib:1145028,u5315033
uva-lib:1145042,u5315034
uva-lib:1145047,u5315035
uva-lib:1145057,u5315036
uva-lib:1145069,u5315037
uva-lib:1145087,u5315038
uva-lib:1145092,u5315038
uva-lib:1145097,u5315039
uva-lib:1145104,u5315040
uva-lib:1145120,u5315044
uva-lib:1145125,u5315043
uva-lib:1145130,u5315041
uva-lib:1145137,u5315042
uva-lib:1145151,u5315045
uva-lib:1145158,u2007832
uva-lib:1145170,u5315046
uva-lib:1145182,u5315047
uva-lib:1145187,u5315048
uva-lib:1145206,u5315050
uva-lib:1145211,u5315051
uva-lib:1145216,u5315052
uva-lib:1145223,u5315053
uva-lib:1145230,u5315054
uva-lib:1145235,u5315049
uva-lib:1145247,u5315055
uva-lib:1145254,u5315056
uva-lib:1145269,u5315057
uva-lib:1145291,u5315058
uva-lib:1145300,u5315059
uva-lib:1145307,u5315060
uva-lib:1145328,u5315061
uva-lib:1145337,u5315062
uva-lib:1145364,u5315063
uva-lib:1145371,u5315064
uva-lib:1145378,u5315065
uva-lib:1145396,u5315066
uva-lib:1145407,u5315067
uva-lib:1145425,u5315068
uva-lib:1145434,u5315069
uva-lib:1145437,u5315070
uva-lib:1145442,u5315071
uva-lib:1145447,u5315072
uva-lib:1145452,u5315073
uva-lib:1145457,u5315074
uva-lib:1145464,u5315075
uva-lib:1145473,u5315076
uva-lib:1145485,u5315077
uva-lib:1145497,u5315079
uva-lib:1145502,u5315080
uva-lib:1145507,u5206960
uva-lib:1145512,u5315081
uva-lib:1145532,u5315078
uva-lib:1145539,u5315082
uva-lib:1145546,u5315083
uva-lib:1145555,u5315084
uva-lib:1145560,u5315085
uva-lib:1145567,u5315086
uva-lib:1145576,u5315087
uva-lib:1145588,u5315088
uva-lib:1145610,u5315089
uva-lib:1145615,u5315090
uva-lib:1145624,u5315091
uva-lib:1145629,u5315092
uva-lib:1145638,u5315093
uva-lib:1145648,u5315094
uva-lib:1145666,u5315095
uva-lib:1145673,u5315096
uva-lib:1145688,u5315097
uva-lib:1145695,u5315098
uva-lib:1145706,u5315099
uva-lib:1145713,u5315100
uva-lib:1145722,u5315101
uva-lib:1145736,u5315102
uva-lib:1145743,u5315103
uva-lib:1145750,u5315104
uva-lib:1145764,u5315105
uva-lib:1145771,u5315106
uva-lib:1145780,u5315107
uva-lib:1145787,u5315108
uva-lib:1145794,u5315109
uva-lib:1145851,u5315110
uva-lib:1145858,u5315111
uva-lib:1145865,u5315112
uva-lib:1145870,u5315113
uva-lib:1145882,u5315114
uva-lib:1145889,u5315115
uva-lib:1145903,u5315116
uva-lib:1145910,u5315117
uva-lib:1145917,u5315118
uva-lib:1145933,u5315119
uva-lib:1145940,u5315120
uva-lib:1145947,u5315121
uva-lib:1145954,u5315122
uva-lib:1145994,u5315124
uva-lib:1146001,u5315125
uva-lib:1146010,u5315126
uva-lib:1146019,u5315127
uva-lib:1146026,u5315128
uva-lib:1146037,u5315129
uva-lib:1146044,u5315129
uva-lib:1146051,u5315130
uva-lib:1146104,u5315131
uva-lib:1146113,u5315132
uva-lib:1146126,u5315132
uva-lib:1146157,u5315133
uva-lib:1146166,u5315133
uva-lib:1146175,u5315134
uva-lib:1146186,u5315135
uva-lib:1146193,u5315136
uva-lib:1146200,u5315137
uva-lib:1146207,u5315138
uva-lib:1146228,u5315139
uva-lib:1146261,u5315140
uva-lib:1146277,u5315141
uva-lib:1146286,u5315142
uva-lib:1146293,u5315143
uva-lib:1146300,u5315144
uva-lib:1146307,u5315145
uva-lib:1146314,u5315146
uva-lib:1146323,u5315147
uva-lib:1146334,u5315148
uva-lib:1146343,u5315149
uva-lib:1146348,u5315150
uva-lib:1146355,u5315151
uva-lib:1146375,u5315152
uva-lib:1146380,u5315153
uva-lib:1146390,u5315154
uva-lib:1146403,u5315155
uva-lib:1146422,u5315158
uva-lib:1146429,u5315159
uva-lib:1146436,u5315160
uva-lib:1146443,u5315156
uva-lib:1146458,u5315157
uva-lib:1146470,u5315161
uva-lib:1146477,u5315162
uva-lib:1146484,u5315163
uva-lib:1146489,u5315164
uva-lib:1146551,u5315165
uva-lib:1146609,u5315166
uva-lib:1146616,u1984204
uva-lib:1146623,u5315167
uva-lib:1146630,u5315168
uva-lib:1146639,u5315169
uva-lib:1146646,u5315170
uva-lib:1146671,u5315171
uva-lib:1146678,u5315172
uva-lib:1146683,u5315173
uva-lib:1146695,u5315174
uva-lib:1146704,u5315175
uva-lib:1146757,u5315176
uva-lib:1146762,u5315177
uva-lib:1146769,u5315178
uva-lib:1146776,u5315179
uva-lib:1146826,u5315185
uva-lib:1146842,u5315186
uva-lib:1146867,u5315187
uva-lib:1146892,u5315188
uva-lib:1146906,u5315189
uva-lib:1146911,u5315190
uva-lib:1146916,u5315191
uva-lib:1146921,u5315192
uva-lib:1146926,u5315193
uva-lib:1146931,u5315194
uva-lib:1146936,u5315195
uva-lib:1146941,u5315196
uva-lib:1146946,u5315197
uva-lib:1146953,u5315198
uva-lib:1146960,u5315199
uva-lib:1146988,u5315200
uva-lib:1146995,u5315201
uva-lib:1147002,u5315202
uva-lib:1147009,u5315203
uva-lib:1147016,u5315204
uva-lib:1147038,u5315205
uva-lib:1147052,u5315206
uva-lib:1147059,u5315207
uva-lib:1147072,u5315208
uva-lib:1147095,u5315209
uva-lib:1147108,u5315210
uva-lib:1147115,u5315211
uva-lib:1147124,u5315212
uva-lib:1147152,u5315213
uva-lib:1147161,u5315214
uva-lib:1147177,u5315215
uva-lib:1147184,u5315216
uva-lib:1147198,u5315217
uva-lib:1147205,u5315218
uva-lib:1147212,u5315219
uva-lib:1147221,u5315220
uva-lib:1147228,u5315221
uva-lib:1147235,u5315222
uva-lib:1147242,u5315223
uva-lib:1147251,u5315224
uva-lib:1147269,u5315225
uva-lib:1147285,u5315226
uva-lib:1147292,u5315227
uva-lib:1147319,u5315228
uva-lib:1147326,u5315229
uva-lib:1147333,u5315230
uva-lib:1147340,u5315231
uva-lib:1147354,u5315232
uva-lib:1147363,u5315233
uva-lib:1147370,u5315234
uva-lib:1147379,u5315235
uva-lib:1147388,u5315236
uva-lib:1147399,u5315237
uva-lib:1147411,u5315238
uva-lib:1147420,u5315239
uva-lib:1147425,u5315240
uva-lib:1147432,u5315241
uva-lib:1147450,u5315242
uva-lib:1147459,u5315243
uva-lib:1147476,u5315244
uva-lib:1147485,u5315244
uva-lib:1147494,u5315244
uva-lib:1147512,u5315245
uva-lib:1147521,u5315246
uva-lib:1147534,u5315247
uva-lib:1147541,u5315248
uva-lib:1147552,u5315249
uva-lib:1147559,u5315250
uva-lib:1147572,u5315250
uva-lib:1147585,u5315251
uva-lib:1147594,u5315252
uva-lib:1147605,u5315253
uva-lib:1147627,u5315254
uva-lib:1147640,u5315254
uva-lib:1147653,u1939407
uva-lib:1147660,u5315255
uva-lib:1147678,u5315256
uva-lib:1147683,u5315257
uva-lib:1147692,u5315258
uva-lib:1147699,u5315259
uva-lib:1147721,u5315260
uva-lib:1147732,u5315261
uva-lib:1147739,u5315262
uva-lib:1147744,u5315263
uva-lib:1147749,u5315264
uva-lib:1147764,u5315265
uva-lib:1147769,u5315266
uva-lib:1147776,u5315268
uva-lib:1147781,u5315267
uva-lib:1147789,u5315269
uva-lib:1147809,u5315268
uva-lib:1147814,u5315270
uva-lib:1147826,u5315271
uva-lib:1147835,u5315272
uva-lib:1147887,u5315273
uva-lib:1147896,u5315274
uva-lib:1147914,u5315275
uva-lib:1147959,u5315276
uva-lib:1147986,u5315277
uva-lib:1147993,u5315278
uva-lib:1147998,u5315279
uva-lib:1148012,u5315280
uva-lib:1148021,u5315281
uva-lib:1148028,u5315282
uva-lib:1148037,u5315283
uva-lib:1148044,u5315284
uva-lib:1148049,u5315285
uva-lib:1148063,u5315286
uva-lib:1148075,u5315287
uva-lib:1148082,u5315288
uva-lib:1148089,u5315289
uva-lib:1148098,u5315290
uva-lib:1148105,u2007667
uva-lib:1148112,u5315291
uva-lib:1148119,u5315292
uva-lib:1148126,u5315293
uva-lib:1148135,u5315294
uva-lib:1148144,u5315295
uva-lib:1148151,u5315296
uva-lib:1148160,u5315297
uva-lib:1148167,u5315298
uva-lib:1148174,u5315299
uva-lib:1148183,u5315300
uva-lib:1148199,u5315301
uva-lib:1148204,u5315302
uva-lib:1148221,u5315303
uva-lib:1148238,u5315304
uva-lib:1148261,u5315305
uva-lib:1148268,u5315306
uva-lib:1148281,u5315307
uva-lib:1148294,u5315308
uva-lib:1148317,u5315309
uva-lib:1148365,u5315310
uva-lib:1148376,u5315311
uva-lib:1148389,u5315312
uva-lib:1148398,u5315313
uva-lib:1148405,u5315314
uva-lib:1148410,u5315314
uva-lib:1148436,u5315315
uva-lib:1148465,u5315317
uva-lib:1148495,u5315318
uva-lib:1148516,u5315319
uva-lib:1148529,u2030796
uva-lib:1148534,u5315320
uva-lib:1148539,u5315321
uva-lib:1148551,u5315322
uva-lib:1148560,u5315323
uva-lib:1148569,u5315324
uva-lib:1148576,u5315325
uva-lib:1148590,u5315326
uva-lib:1148602,u5315327
uva-lib:1148609,u5315328
uva-lib:1148618,u5315329
uva-lib:1148627,u5315330
uva-lib:1148634,u5315331
uva-lib:1148648,u5315332
uva-lib:1148655,u5315333
uva-lib:1148667,u5315334
uva-lib:1148674,u5315334
uva-lib:1148681,u5315335
uva-lib:1148710,u5315336
uva-lib:1148742,u5315337
uva-lib:1148749,u5315338
uva-lib:1148767,u5315339
uva-lib:1148802,u5314542
uva-lib:1148818,u5315340
uva-lib:1148827,u5315341
uva-lib:1148857,u5315342
uva-lib:1148864,u5315343
uva-lib:1148899,u5315344
uva-lib:1148906,u5315345
uva-lib:1148939,u5315346
uva-lib:1148946,u5315347
uva-lib:1148955,u5315348
uva-lib:1148969,u5315349
uva-lib:1148976,u5315350
uva-lib:1148985,u5315351
uva-lib:1148992,u5315352
uva-lib:1149016,u5315353
uva-lib:1149030,u5315354
uva-lib:1149037,u5315355
uva-lib:1149048,u5315356
uva-lib:1149057,u5315357
uva-lib:1149066,u5315358
uva-lib:1149073,u5315359
uva-lib:1149078,u5315360
uva-lib:1149083,u5315362
uva-lib:1149088,u5315361
uva-lib:1149102,u5315363
uva-lib:1149109,u5315364
uva-lib:1149116,u5315365
uva-lib:1149132,u5315366
uva-lib:1149141,u5315367
uva-lib:1149146,u5315368
uva-lib:1149167,u5315369
uva-lib:1149180,u5315370
uva-lib:1149187,u5315371
uva-lib:1149192,u5315372
uva-lib:1149199,u5315373
uva-lib:1149204,u5315374
uva-lib:1149209,u5315375
uva-lib:1149234,u5315376
uva-lib:1149252,u5315377
uva-lib:1149269,u5315378
uva-lib:1149292,u5315379
uva-lib:1149299,u5315380
uva-lib:1149313,u5315381
uva-lib:1149320,u5315382
uva-lib:1149327,u5315383
uva-lib:1149343,u5315384
uva-lib:1149357,u5315385
uva-lib:1149380,u5315386
uva-lib:1149428,u5315387
uva-lib:1149439,u5315388
uva-lib:1149485,u5315389
uva-lib:1149494,u5315390
uva-lib:1149506,u5315391
uva-lib:1149515,u5315392
uva-lib:1149530,u5315393
uva-lib:1149547,u5315394
uva-lib:1149552,u5315395
uva-lib:1149565,u5315396
uva-lib:1149578,u5315397
uva-lib:1149587,u5315398
uva-lib:1149602,u5315399
uva-lib:1149609,u5315400
uva-lib:1149616,u5315401
uva-lib:1149625,u5315402
uva-lib:1149634,u5315403
uva-lib:1149645,u5315404
uva-lib:1149669,u5315405
uva-lib:1149709,u5315406
uva-lib:1149718,u5315407
uva-lib:1149725,u5315408
uva-lib:1149730,u5315409
uva-lib:1149739,u5315410
uva-lib:1149748,u5315411
uva-lib:1149757,u5315412
uva-lib:1149773,u5315413
uva-lib:1149809,u5315414
uva-lib:1149829,u5315415
uva-lib:1149862,u5315416
uva-lib:1149878,u5315417
uva-lib:1149887,u5315418
uva-lib:1149894,u5315419
uva-lib:1149913,u5315420
uva-lib:1149928,u5315421
uva-lib:1149944,u5315422
uva-lib:1150005,u5315423
uva-lib:1150014,u5315424
uva-lib:1150023,u5315425
uva-lib:1150030,u5315426
uva-lib:1150037,u5315427
uva-lib:1150044,u5315429
uva-lib:1150057,u5315428
uva-lib:1150073,u5315430
uva-lib:1150082,u5315431
uva-lib:1150095,u5315432
uva-lib:1150104,u5315433
uva-lib:1150113,u5315434
uva-lib:1150125,u5315435
uva-lib:1150134,u5315436
uva-lib:1150150,u5315437
uva-lib:1150157,u5315438
uva-lib:1150175,u5315439
uva-lib:1150184,u5315440
uva-lib:1150193,u5315441
uva-lib:1150198,u5315442
uva-lib:1150201,u5315444
uva-lib:1150216,u5315445
uva-lib:1150223,u5315446
uva-lib:1150230,u5315447
uva-lib:1150237,u5315448
uva-lib:1150248,u5315448
uva-lib:1150282,u5315449
uva-lib:1150298,u5315450
uva-lib:1150307,u5315451
uva-lib:1150318,u5315452
uva-lib:1150329,u5315453
uva-lib:1150344,u5315454
uva-lib:1150357,u5315455
uva-lib:1150385,u5315456
uva-lib:1150398,u5315457
uva-lib:1150411,u5315458
uva-lib:1150418,u5315459
uva-lib:1150431,u5315462
uva-lib:1150442,u5315463
uva-lib:1150453,u5315460
uva-lib:1150466,u5315461
uva-lib:1150473,u5315464
uva-lib:1150482,u5315465
uva-lib:1150491,u5315466
uva-lib:1150530,u5315467
uva-lib:1150549,u5315468
uva-lib:1150556,u5315469
uva-lib:1150567,u5315470
uva-lib:1150578,u5315471
uva-lib:1150587,u5315472
uva-lib:1150596,u5315473
uva-lib:1150607,u5315474
uva-lib:1150614,u5315475
uva-lib:1150625,u5315476
uva-lib:1150634,u5315477
uva-lib:1150643,u5315478
uva-lib:1150658,u5315479
uva-lib:1150665,u5315480
uva-lib:1150672,u5315481
uva-lib:1150694,u5315482
uva-lib:1150709,u5315483
uva-lib:1150714,u5315483
uva-lib:1150719,u5315484
uva-lib:1150730,u5315485
uva-lib:1150735,u5315486
uva-lib:1150775,u5315487
uva-lib:1150782,u5315488
uva-lib:1150787,u5315489
uva-lib:1150798,u5315490
uva-lib:1150815,u5315491
uva-lib:1150828,u5315492
uva-lib:1150843,u5315493
uva-lib:1150864,u5315494
uva-lib:1150884,u5315495
uva-lib:1150891,u5315496
uva-lib:1150939,u5315497
uva-lib:1150967,u5315498
uva-lib:1150978,u5315499
uva-lib:1150985,u5315500
uva-lib:1151004,u5315501
uva-lib:1151018,u5315502
uva-lib:1151034,u5315503
uva-lib:1151043,u5315504
uva-lib:1151071,u5315505
uva-lib:1151085,u5315506
uva-lib:1151099,u5315507
uva-lib:1151120,u5315508
uva-lib:1151140,u5315509
uva-lib:1151145,u5315510
uva-lib:1151152,u5315511
uva-lib:1151188,u5315512
uva-lib:1151197,u5315513
uva-lib:1151202,u1938523
uva-lib:1151228,u5315514
uva-lib:1151235,u5315515
uva-lib:1151256,u5315516
uva-lib:1151276,u5315517
uva-lib:1151290,u5315518
uva-lib:1151297,u5315519
uva-lib:1151322,u5315520
uva-lib:1151327,u2038826
uva-lib:1151356,u2038581
uva-lib:1151368,u5315521
uva-lib:1151384,u2031576
uva-lib:1151391,u5315522
uva-lib:1151396,u5315523
uva-lib:1151401,u5315524
uva-lib:1151408,u5315525
uva-lib:1151415,u5315526
uva-lib:1151429,u5315527
uva-lib:1151434,u5315528
uva-lib:1151439,u5315529
uva-lib:1151444,u5315529
uva-lib:1151459,u5315530
uva-lib:1151464,u5315531
uva-lib:1151469,u5315532
uva-lib:1151474,u5315532
uva-lib:1151479,u5315533
uva-lib:1151484,u5315533
uva-lib:1151489,u5315533
uva-lib:1151494,u5315534
uva-lib:1151499,u5315535
uva-lib:1151504,u5315536
uva-lib:1151509,u5315537
uva-lib:1151514,u5315538
uva-lib:1151519,u5315539
uva-lib:1151529,u5315540
uva-lib:1151534,u5315541
uva-lib:1151539,u5315542
uva-lib:1151544,u5315543
uva-lib:1151549,u5315543
uva-lib:1151554,u5315544
uva-lib:1151559,u5315545
uva-lib:1151569,u5315546
uva-lib:1151579,u5315547
uva-lib:1151584,u5315548
uva-lib:1151589,u5315549
uva-lib:1151594,u5315550
uva-lib:1151599,u5315551
uva-lib:1151604,u5315552
uva-lib:1151609,u5315553
uva-lib:1151614,u5315554
uva-lib:1151619,u5315555
uva-lib:1151624,u5315556
uva-lib:1151629,u5314585
uva-lib:1151686,u5315443
uva-lib:1151698,u5313664
uva-lib:1151710,u5315011
uva-lib:1151715,u5315012
uva-lib:1151738,u5315180
uva-lib:1151756,u5315181
uva-lib:1151765,u5315182
uva-lib:1151776,u5315183
uva-lib:1151785,u5315184
uva-lib:1151824,u5314625
uva-lib:1151831,u5314629
uva-lib:1151840,u5187915
uva-lib:1151849,u5314633
uva-lib:1151856,u5314635
uva-lib:1154498,u5376712
uva-lib:1154554,u5313489
uva-lib:1154900,u2003359
uva-lib:1155121,u2357580
uva-lib:1155125,u3886309
uva-lib:1157557,u823340
uva-lib:1175801,u2036782
uva-lib:1182840,u4706225
uva-lib:1187836,u4345835
uva-lib:1196205,u5223187
uva-lib:1196854,u5346834
uva-lib:1196857,u5395925
uva-lib:1196858,u3888977
uva-lib:1196860,u2484936
uva-lib:1196861,u3903251
uva-lib:1196866,u5270615
uva-lib:1196867,u5270620
uva-lib:1207586,u2229451
uva-lib:1210262,u1834094
uva-lib:1211850,u2276334
uva-lib:1219393,u2723756
uva-lib:1219394,u3959599
uva-lib:1219395,u3954128
uva-lib:1219397,u3955540
uva-lib:1219398,u3955540
uva-lib:1219399,u3955540
tsb:14004,u3954119
uva-lib:1219595,u4808311
uva-lib:1219596,u4808318
uva-lib:1219597,u4808330
uva-lib:1219598,u4808329
uva-lib:1219599,u4808332
uva-lib:1219600,u4808334
uva-lib:1219601,u4808344
uva-lib:1219602,u4808385
uva-lib:1219603,u4808387
uva-lib:1219604,u4809868
uva-lib:1219605,u1344302
uva-lib:1219606,u4808466
uva-lib:1219607,u1344308
uva-lib:1219608,u4808489
uva-lib:1219609,u4808525
uva-lib:1219610,u4809867
uva-lib:1219611,u4808511
uva-lib:1219612,u4808539
uva-lib:1219613,u4809823
uva-lib:1219614,u1345361
uva-lib:1219615,u4809842
uva-lib:1219807,u4456747
uva-lib:1219808,u3954115
uva-lib:1219810,u4223187
uva-lib:1219811,u3959588
uva-lib:1219812,u3958371
uva-lib:1219813,u3959593
uva-lib:1219814,u3805951
uva-lib:1219815,u3959596
uva-lib:1219816,u3958369
uva-lib:1221532,u1938519
uva-lib:1222341,u3958363
uva-lib:1222342,u3955580
uva-lib:1222344,u3959594
uva-lib:1222345,u3958373
uva-lib:1222346,u3958357
uva-lib:1224822,u821911
uva-lib:1225340,u3958369
uva-lib:1225777,u5539837
uva-lib:1226461,u855267
uva-lib:1226462,u838764
uva-lib:1226463,u1294633
uva-lib:1226469,u1875880
tsb:14118,u4469562
uva-lib:1226500,u2032226
uva-lib:1226503,u2032238
uva-lib:1226505,u2032247
uva-lib:1226506,u2032252
uva-lib:1226508,u2032269
uva-lib:1226510,u2032288
uva-lib:1226511,u2036320
uva-lib:1226512,u2032290
uva-lib:1226513,u2032292
uva-lib:1226514,u2032299
uva-lib:1226515,u2032307
uva-lib:1226516,u2032314
uva-lib:1226517,u2032322
uva-lib:1229236,u821668
uva-lib:1229347,u3692136
uva-lib:1229348,u2625756
uva-lib:1229349,u4041215
uva-lib:1229351,u3680734
uva-lib:1229352,u3955574
uva-lib:1229359,u3959610
uva-lib:1229362,u3958353
uva-lib:1229364,u3959591
uva-lib:1229365,u2049047
uva-lib:1229366,u4636143
uva-lib:1229368,u4329308
uva-lib:1229370,u4643960
uva-lib:1300792,u4463571
uva-lib:1300793,u4456486
uva-lib:1300794,u4472939
uva-lib:1300795,u4472905
uva-lib:1300796,u4472878
uva-lib:1332693,u1793672
uva-lib:1561745,u3880672
uva-lib:1561746,u3976086
uva-lib:1562803,u173606
uva-lib:1563431,u3560623
uva-lib:1563432,u3545097
uva-lib:1563445,u4466670
uva-lib:1563449,u3545526
uva-lib:1812602,u5711721
uva-lib:1812807,u428048
uva-lib:1812808,u250347
uva-lib:1812809,u250347
uva-lib:1812810,u250347
uva-lib:1812835,u2398580
uva-lib:1824540,u1834161
uva-lib:1824819,u1623184
uva-lib:1824833,u821892
uva-lib:1824838,u825848
uva-lib:1824841,u822414
uva-lib:1824843,u822280
uva-lib:1824844,u822270
uva-lib:1824846,u822263
uva-lib:1824865,u822271
uva-lib:1824896,u1614477
uva-lib:1824913,u822126
uva-lib:1825245,u321131
uva-lib:2062405,u1326398
uva-lib:2062769,u5742295
uva-lib:2062770,u5722762
uva-lib:2062771,u5722761
uva-lib:2062772,u5722773
uva-lib:2062776,u5711582
uva-lib:2062778,u5566400
uva-lib:2062779,u4466998
uva-lib:2063352,u1854391
uva-lib:2063354,u4822726
uva-lib:2063355,u5149779
uva-lib:2065929,u846849
uva-lib:2138002,u2051274
uva-lib:2138018,u11179
uva-lib:2141114,u2038814
uva-lib:2144154,u2833440
uva-lib:2144908,u2030907
uva-lib:2144909,u153402
uva-lib:2144910,u2372315
uva-lib:2144913,u2030912
uva-lib:2144914,u2030914
uva-lib:2144916,u2030926
uva-lib:2144917,u4606674
uva-lib:2144918,u2031280
uva-lib:2144919,u2031277
uva-lib:2144920,u2030964
uva-lib:2144925,u2030983
uva-lib:2144926,u2029611
uva-lib:2144927,u2030992
uva-lib:2144928,u2030994
uva-lib:2144929,u2031006
uva-lib:2144930,u2031008
uva-lib:2144931,u59559
uva-lib:2144933,u2051992
uva-lib:2144934,u2051993
uva-lib:2144935,u3567027
uva-lib:2146232,u1928484
uva-lib:2151044,u37139
uva-lib:2151079,u2372316
uva-lib:2151080,u2435357
uva-lib:2151318,u2031781
uva-lib:2151319,u2031136
uva-lib:2170109,u3699326
uva-lib:2170110,u3699327
uva-lib:2170113,u32327
uva-lib:2170117,u2031795
uva-lib:2170118,u2032116
uva-lib:2170119,u2820193
uva-lib:2170122,u2906756
uva-lib:2170124,u4634232
uva-lib:2173843,u2036460
uva-lib:2173844,u2036500
uva-lib:2173845,u2036510
uva-lib:2173846,u2036518
uva-lib:2173907,u2036534
uva-lib:2173909,u2036592
uva-lib:2173991,u5083105
uva-lib:2173994,u2036630
uva-lib:2173995,u2036633
uva-lib:2173997,u2036683
uva-lib:2174003,u2036702
uva-lib:2174004,u2036704
uva-lib:2174005,u2036707
uva-lib:2174008,u2036718
uva-lib:2174009,u2036726
uva-lib:2174010,u9231
uva-lib:2174012,u3577851
uva-lib:2174017,u2036827
uva-lib:2174022,u5130
uva-lib:2174023,u4487
uva-lib:2174024,u2037003
uva-lib:2174025,u3994936
uva-lib:2174026,u2037069
uva-lib:2174027,u4394377
uva-lib:2174032,u3714065
uva-lib:2174034,u3714067
uva-lib:2174036,u3490596
uva-lib:2174037,u3714066
uva-lib:2174038,u2930700
uva-lib:2174039,u3490597
uva-lib:2174040,u3714068
uva-lib:2174045,u2029650
uva-lib:2174047,u2930701
uva-lib:2174048,u2086940
uva-lib:2174049,u3732110
uva-lib:2174051,u2930702
uva-lib:2175850,u1603824
uva-lib:2175852,u197004
uva-lib:2177289,u1903178
uva-lib:2177593,u1002440
uva-lib:2180952,u2115015
uva-lib:2180954,u2084792
uva-lib:2180957,u4033457
uva-lib:2180958,u2266620
uva-lib:2180959,u2031812
uva-lib:2180960,u2890579
uva-lib:2180968,u2930703
uva-lib:2182905,u1781837
uva-lib:2182907,u4042315
uva-lib:2184130,u2646578
uva-lib:2187512,u842877
uva-lib:2187555,u265197
uva-lib:2191428,u2358943
uva-lib:2207875,u5228489
uva-lib:2210902,u163702
uva-lib:2210941,u5228473
uva-lib:2210942,u2035431
uva-lib:2239666,u834600
uva-lib:2239667,u3699325
uva-lib:2241098,u2843535
uva-lib:2245071,u2820954
uva-lib:2276587,u59711
uva-lib:2278966,u833132
uva-lib:2345328,u1781432
uva-lib:2345329,u1781432
uva-lib:2345330,u1781432
uva-lib:2359841,u716883
uva-lib:2371414,u728373
uva-lib:2371416,u728373
uva-lib:2371417,u728373
uva-lib:2371418,u728373
uva-lib:2383243,u843251
uva-lib:2425702,u2113134
uva-lib:2440926,u1968212
uva-lib:2480106,u2081737
uva-lib:2490540,u4035980
uva-lib:2490541,u2665768
uva-lib:2490554,u3902055
uva-lib:2490555,u3535306
uva-lib:2490556,u2096553
uva-lib:2490557,u3900554
uva-lib:2490558,u2499606
uva-lib:2522049,u6529909
uva-lib:2677581,u4038484
uva-lib:2678167,u4038484
uva-lib:2822327,u4038484
uva-lib:2822328,u4038484
uva-lib:2828344,u4038484
uva-lib:2828345,u4038484
uva-lib:2830429,u6678344
uva-lib:2830430,u720558
tsb:18532,u4775658
tsb:18533,u4775658
tsb:18534,u4775658
tsb:18535,u4775658
tsb:18536,u4775658
tsb:18537,u4775658
tsb:18538,u4775658
tsb:18539,u4775658
tsb:18540,u4775658
tsb:18541,u4775658
tsb:18560,u4038484
tsb:18561,u4038484
tsb:18562,u4038484
tsb:18563,u4038484
tsb:18564,u4038484
tsb:18565,u4038484
tsb:18566,u4038484
tsb:18567,u4038484
tsb:18578,u2037848
tsb:18579,u5396331
tsb:18589,u3835201
tsb:18590,u5541512
tsb:18591,u5541513
tsb:18592,u2036816
tsb:18594,u1983411
tsb:18595,u5541517
tsb:18596,u5541518
tsb:18598,u1983401
tsb:18599,u1983406
tsb:18600,u2005680
tsb:18601,u5541522
tsb:18603,u2697488
tsb:18604,u5541525
tsb:18605,u2032256
tsb:18606,u5541527
tsb:18633,u2029992
tsb:18634,u2733065
tsb:18635,u2036087
tsb:18636,u5544458
tsb:18637,u2005716
tsb:18638,u5541531
tsb:18639,u5541532
tsb:18640,u5541533
tsb:18641,u1982640
tsb:18642,u1983380
tsb:18643,u5541536
tsb:18644,u5541537
tsb:18645,u2006395
tsb:18646,u5541539
tsb:18647,u5541540
tsb:18648,u5541541
tsb:18649,u5541542
tsb:18650,u2030183
tsb:18651,u2032102
tsb:18652,u5541545
tsb:18653,u5541546
tsb:18654,u5541547
tsb:18655,u5541548
tsb:18656,u5541549
tsb:18657,u5541550
tsb:18658,u5541551
tsb:18659,u5541552
tsb:18660,u2001898
tsb:18661,u5541554
tsb:18662,u5541555
tsb:18663,u2006988
tsb:18664,u2684363
tsb:18665,u2092102
tsb:18666,u2092117
tsb:18667,u2092119
tsb:18668,u2092120
tsb:18671,u1838213
tsb:18672,u2733066
tsb:18673,u2092128
tsb:18674,u2092135
tsb:18675,u2733332
tsb:18676,u2092143
tsb:18677,u2821123
tsb:18678,u2092144
tsb:18679,u2092159
tsb:18680,u2092165
tsb:18681,u2092168
tsb:18683,u2092172
tsb:18684,u4704867
tsb:18685,u2092182
tsb:18702,u2092086
tsb:18703,u2092087
tsb:18704,u2092088
tsb:18705,u2092089
tsb:18707,u2029328
tsb:18708,u2820274
tsb:18709,u3938096
tsb:18710,u2092093
tsb:18711,u2092097
tsb:18712,u2006984
tsb:18713,u4467264
tsb:18714,u3835143
tsb:18715,u2092110
tsb:18716,u2092112
tsb:18717,u1751646
tsb:18718,u2092118
tsb:18719,u2092121
tsb:18720,u2092122
tsb:18721,u2092124
tsb:18722,u1955941
tsb:18723,u2092127
tsb:18724,u3532761
tsb:18725,u2092130
tsb:18726,u1956019
tsb:18727,u5539952
tsb:18728,u2092131
tsb:18730,u2092132
tsb:18731,u2092134
tsb:18732,u6678301
tsb:18733,u3506459
tsb:18734,u2092136
tsb:18735,u2092139
tsb:18736,u2092144
tsb:18737,u2092146
tsb:18738,u2092147
tsb:18739,u2092148
tsb:18740,u2828747
tsb:18741,u2092150
tsb:18742,u2092153
tsb:18743,u2092155
tsb:18744,u2092156
tsb:18745,u2092157
tsb:18746,u4003125
tsb:18747,u2092158
tsb:18748,u2092163
tsb:18749,u1956011
tsb:18750,u3510882
tsb:18751,u2786937
tsb:18752,u3554823
tsb:18753,u3816023
tsb:18754,u5318917
tsb:18755,u3861892
tsb:18756,u2092174
tsb:18757,u2092176
tsb:18758,u2092177
tsb:18759,u2092178
tsb:18760,u2822281
tsb:18817,u4683706
tsb:18818,u4347626
tsb:18822,u1737061
tsb:18823,u2092184
tsb:18824,u1934112
tsb:18825,u2092186
tsb:18826,u2092188
tsb:18827,u5192033
tsb:18828,u2092190
tsb:18829,u2930708
tsb:18830,u4294322
tsb:18831,u2092202
tsb:18832,u2638179
tsb:18833,u2851205
tsb:18835,u1935729
tsb:18837,u5721667
tsb:18838,u3699411
tsb:18839,u4229752
tsb:18840,u2092242
tsb:18841,u2092245
tsb:18842,u4635968
tsb:18843,u2092247
tsb:18844,u2092252
tsb:18845,u4294341
tsb:18846,u3697373
tsb:18847,u3553892
tsb:18848,u4294342
tsb:18849,u2092256
tsb:18850,u2092258
tsb:18851,u2092262
tsb:18852,u2092265
tsb:18853,u5187706
tsb:18854,u2092297
tsb:18855,u4290783
tsb:18856,u2092300
tsb:18857,u2092303
tsb:18858,u2092305
tsb:18859,u4716414
tsb:18860,u3588839
tsb:18861,u2092308
tsb:18862,u2092309
tsb:18863,u4039200
tsb:18864,u6681739
tsb:18865,u6697755
tsb:18866,u2092310
tsb:18867,u4039199
tsb:18868,u3880065
tsb:18869,u1934537
tsb:18870,u2092312
tsb:18871,u2092315
tsb:18872,u2006998
tsb:18873,u2092318
tsb:18875,u6371691
tsb:18876,u2092321
tsb:18877,u6371693
tsb:18878,u2092323
tsb:18879,u2092327
tsb:18880,u2092330
tsb:18881,u2092332
tsb:18882,u3733707
tsb:18883,u2092333
tsb:18884,u4359206
tsb:18885,u2092334
tsb:18886,u2092335
tsb:18887,u4039201
tsb:18888,u882470
tsb:18889,u882470
tsb:18898,u4609263
tsb:18905,u4293151
tsb:18906,u4293152
tsb:54456,u440209
tsb:54547,u2048125
tsb:58765,u6163001
tsb:58801,u5541596
tsb:58802,u5541597
tsb:58803,u5541598
tsb:58804,u2005746
tsb:58805,u5541600
tsb:58806,u5541601
tsb:58807,u5541602
tsb:58808,u5541603
tsb:58809,u5541604
tsb:58810,u5541605
tsb:58811,u5541606
tsb:58812,u5541607
tsb:58813,u5541608
tsb:58814,u5541609
tsb:58815,u5541610
tsb:58817,u5541611
tsb:58818,u5541612
tsb:58819,u5541613
tsb:58820,u5541614
tsb:58821,u5541615
tsb:58822,u2001532
tsb:58823,u2032071
tsb:58824,u5541618
tsb:58825,u5541619
tsb:58826,u5541620
tsb:58827,u5541621
tsb:58828,u5541622
tsb:58829,u2525383
tsb:58830,u5541624
tsb:58831,u1939263
tsb:58832,u5541626
tsb:58833,u5541627
tsb:58834,u5541628
tsb:58835,u5541629
tsb:58836,u5541630
tsb:58837,u5541631
tsb:58838,u5541632
tsb:58839,u5541634
tsb:58840,u5541635
tsb:58841,u2006361
tsb:58842,u1938506
tsb:58843,u5541638
tsb:58844,u4631214
tsb:58845,u5541640
tsb:58846,u5541641
tsb:58847,u5541642
tsb:58848,u5541643
tsb:58849,u5541644
tsb:58850,u5541645
tsb:58851,u2002212
tsb:58852,u2030044
tsb:58853,u1924097
tsb:58854,u2035684
tsb:58855,u2035825
tsb:58856,u5207452
tsb:58857,u2498147
tsb:58858,u5541653
tsb:58859,u5541654
tsb:58860,u2006334
tsb:58861,u5541656
tsb:58862,u2038654
tsb:58863,u2036077
tsb:58864,u2039544
tsb:58865,u5541660
tsb:59067,u1901905
tsb:59075,u4374923
tsb:59076,u3740198
tsb:59084,u4512354
tsb:59086,u1790915
tsb:59088,u4680381
tsb:59090,u4350725
tsb:59096,u4512355
tsb:59703,u1599738
tsb:60079,u428048
tsb:60081,u158830
tsb:60085,u1968212
tsb:60086,u1968212
tsb:60087,u1968212
tsb:60397,u1936077
tsb:61701,u3775567
tsb:61793,u2806650
tsb:62431,u1611168
tsb:62438,u760608
tsb:62440,u1347522
tsb:62441,u1371280
tsb:62442,u1612157
tsb:62444,u1791250
tsb:62448,u2251317
tsb:62451,u1650317
tsb:62457,u1630395
tsb:62464,u2251432
tsb:62483,u1382610
tsb:62485,u1614604
tsb:62486,u1614823
tsb:62487,u1612095
tsb:62488,u1615981
tsb:62501,u2446193
tsb:62513,u1732760
tsb:62516,u719284
tsb:62517,u1634262
tsb:62519,u1894241
tsb:62520,u1730970
tsb:62521,u1918490
tsb:62522,u1606843
tsb:62524,u1636548
tsb:62525,u1600554
tsb:62526,u1610890
tsb:62529,u686218
tsb:62531,u1797040
tsb:62950,u1626202
tsb:62951,u722503
tsb:62952,u1601105
tsb:62953,u1681107
tsb:62954,u4890689
tsb:62955,u1640737
tsb:62958,u719074
tsb:62962,u1621035
tsb:62963,u812143
tsb:62991,u774423
tsb:63014,u1600099
tsb:63024,u1932102
tsb:63079,u1648748
tsb:65783,u5355946
tsb:65788,u848131
tsb:65846,u3296056
tsb:65847,u4369526
tsb:65848,u3357627
tsb:65849,u3318674
tsb:65850,u3268828
tsb:65851,u3362255
tsb:65853,u3341984
tsb:65856,u3255522
tsb:65857,u3318676
tsb:65858,u3341981
tsb:65860,u3363925
tsb:65861,u3268182
tsb:65862,u3295920
tsb:65863,u3295922
tsb:65864,u4447424
tsb:65865,u3255459
tsb:65866,u3362444
tsb:65867,u3342873
tsb:65868,u3258179
tsb:65869,u3221366
tsb:65870,u3268726
tsb:65871,u3341162
tsb:65872,u3356163
tsb:65873,u3280208
tsb:65874,u3223440
tsb:65875,u3189692
tsb:65876,u3342706
tsb:65877,u4244353
tsb:65878,u3354497
tsb:65879,u3363924
tsb:65880,u3340006
tsb:65881,u3192962
tsb:65882,u3341152
tsb:65883,u3346025
tsb:65884,u3224384
tsb:65885,u3224041
tsb:65886,u3369345
tsb:65887,u3193728
tsb:65888,u3220382
tsb:65889,u3347640
tsb:65890,u3320723
tsb:65891,u3220700
tsb:65892,u3341559
tsb:65893,u3228696
tsb:65894,u4235264
tsb:65895,u3362046
tsb:65896,u3362179
tsb:65897,u3363931
tsb:65898,u3220850
tsb:65899,u3193917
tsb:65900,u3223868
tsb:65901,u3372169
tsb:65905,u3354499
tsb:65907,u3268828
tsb:65908,u3268828
tsb:65909,u3295922
tsb:65910,u3221366
tsb:65911,u3221366
tsb:65912,u3221366
tsb:65914,u3280208
tsb:65916,u3223440
tsb:65917,u3223440
tsb:65918,u3223440
tsb:65919,u3342706
tsb:65920,u3342706
tsb:65921,u4244353
tsb:65922,u3341152
tsb:65923,u3341152
tsb:65924,u3341152
tsb:65925,u3341152
tsb:65926,u3341152
tsb:65927,u3341152
tsb:65928,u3224041
tsb:65929,u3193728
tsb:65930,u3220382
tsb:65931,u3362179
tsb:65932,u3362179
tsb:65933,u3220850
tsb:65934,u3193917
tsb:65935,u3223868
tsb:65936,u3223868
tsb:65937,u3223868
tsb:65938,u3223868
tsb:65939,u3223868
tsb:65940,u3223868
tsb:65941,u3223868
tsb:65942,u3345288
tsb:65943,u3372172
tsb:65944,u3372172
tsb:65945,u3341153
tsb:65946,u3251034
tsb:65947,u3246015
tsb:65948,u3246015
tsb:65949,u3246015
tsb:65950,u3246015
tsb:65951,u3362199
tsb:65952,u3362199
tsb:65953,u3362199
tsb:65954,u3362199
tsb:65955,u3362199
tsb:65956,u3362199
tsb:65957,u3362199
tsb:65958,u3362199
tsb:65959,u3362199
tsb:65960,u3362199
tsb:65961,u3362199
tsb:65962,u3362199
tsb:65963,u3362199
tsb:65964,u3341179
tsb:65965,u3226991
tsb:65966,u3226991
tsb:65967,u3362861
tsb:65968,u3362861
tsb:65969,u3362861
tsb:65970,u3364836
tsb:65971,u3345354
tsb:65972,u3354496
tsb:65973,u3225451
tsb:65974,u3225451
tsb:65975,u3320720
tsb:65976,u3223848
tsb:65977,u3339843
tsb:65978,u3220398
tsb:65979,u3220398
tsb:65980,u3220398
tsb:65981,u3220398
tsb:65982,u3220398
tsb:65983,u3220397
tsb:65984,u3220397
tsb:65985,u3220397
tsb:65986,u3357622
tsb:65987,u3357622
tsb:65988,u3357622
tsb:65989,u3357622
tsb:65990,u3357622
tsb:65991,u3357622
tsb:65992,u3357622
tsb:65993,u3357622
tsb:65994,u3357622
tsb:65995,u3357622
tsb:65996,u3357622
tsb:65997,u3357622
tsb:65998,u3228063
tsb:65999,u3228063
tsb:66000,u3362437
tsb:66001,u3341370
tsb:66002,u3362434
tsb:66003,u3223405
tsb:66004,u3324192
tsb:66005,u3324192
tsb:66006,u3324192
tsb:66007,u3220019
tsb:66008,u3220019
tsb:66009,u3220019
tsb:66010,u3339850
tsb:66011,u3192504
tsb:66012,u3326852
tsb:66013,u3326852
tsb:66014,u3344490
tsb:66015,u3344490
tsb:66016,u3344490
tsb:66017,u3372965
tsb:66018,u3256644
tsb:66019,u3256644
tsb:66020,u3252407
tsb:66021,u3277062
tsb:66022,u3362519
tsb:66023,u3362519
tsb:66024,u3223439
tsb:66025,u3223439
tsb:66026,u3223439
tsb:66027,u3370743
tsb:66028,u3341047
tsb:66029,u3801014
tsb:66030,u3345442
tsb:66031,u3198007
tsb:66032,u3198007
tsb:66033,u3198007
tsb:66034,u3198007
tsb:66035,u3198007
tsb:66036,u3198007
tsb:66037,u3198007
tsb:66038,u3198007
tsb:66039,u3198007
tsb:66040,u3198007
tsb:66041,u3198007
tsb:66042,u3198007
tsb:66043,u3198007
tsb:66044,u3198007
tsb:66045,u3198007
tsb:66046,u3198007
tsb:66047,u3198007
tsb:66048,u3198007
tsb:66049,u3198007
tsb:66050,u3198007
tsb:66051,u3198007
tsb:66052,u3198007
tsb:66053,u3198007
tsb:66054,u3198007
tsb:66055,u3271036
tsb:66056,u3271036
tsb:66057,u3271036
tsb:66058,u3271036
tsb:66059,u3271036
tsb:66060,u3271036
tsb:66061,u3271036
tsb:66062,u3271036
tsb:66063,u3271036
tsb:66064,u3271036
tsb:66065,u3271036
tsb:66066,u3271036
tsb:66067,u3271036
tsb:66068,u3271036
tsb:66069,u3271036
tsb:66070,u3271036
tsb:66071,u3271036
tsb:66072,u3271036
tsb:66073,u3271036
tsb:66074,u3271036
tsb:66075,u3361728
tsb:66076,u3341155
tsb:66077,u3341403
tsb:66078,u3217807
tsb:66079,u3219030
tsb:66080,u3219030
tsb:66081,u3345445
tsb:66082,u3222088
tsb:66083,u3222088
tsb:66084,u3311295
tsb:66085,u3361705
tsb:66086,u3361705
tsb:66087,u3220693
tsb:66088,u3220693
tsb:66089,u3220693
tsb:66090,u3251580
tsb:66091,u3219429
tsb:66092,u3219429
tsb:66093,u3219429
tsb:66094,u3213573
tsb:66095,u3357628
tsb:66096,u3341494
tsb:66097,u3216649
tsb:66098,u3216649
tsb:66099,u3340815
tsb:66100,u3223955
tsb:66101,u3267404
tsb:66102,u3344853
tsb:66113,u3328032
tsb:66114,u3267918
tsb:66115,u3247399
tsb:66116,u3231289
tsb:66117,u3218941
tsb:66118,u3218941
tsb:66120,u3222088
tsb:66121,u3222088
tsb:66122,u3222018
tsb:66123,u3210999
tsb:66124,u3370747
tsb:66125,u3372168
tsb:66126,u3327312
tsb:66127,u3327312
tsb:66128,u3228421
tsb:66129,u3228421
tsb:66130,u3228421
tsb:66131,u3228421
tsb:66132,u6415786
tsb:66133,u6415786
tsb:66134,u3356379
tsb:66135,u6993608
tsb:66136,u6993610
tsb:66137,u3362178
tsb:66138,u3339845
tsb:66139,u3298094
tsb:66140,u3339235
tsb:66141,u3220507
tsb:66142,u3258179
tsb:66143,u3258179
tsb:66144,u6415786
tsb:66145,u6415786
tsb:66146,u6415786
tsb:66147,u3561871
tsb:66148,u3561871
tsb:66149,u3561871
tsb:66154,u3346082
tsb:66155,u3228696
tsb:66158,u3354498
tsb:66160,u3346238
tsb:66161,u3363938
tsb:66162,u3363937
tsb:66163,u3363937
tsb:66164,u3346658
tsb:66165,u3346661
tsb:66166,u3346661
tsb:66167,u3234116
tsb:66168,u3346750
tsb:66169,u3340009
tsb:66170,u3362421
tsb:66171,u3362423
tsb:66172,u3345901
tsb:66173,u3361972
tsb:66174,u3361972
tsb:66175,u3361972
tsb:66176,u3226645
tsb:66177,u3226649
tsb:66178,u3369367
tsb:66179,u3238291
tsb:66180,u3345933
tsb:66181,u3229350
tsb:66182,u3346797
tsb:66183,u3346798
tsb:66184,u3370745
tsb:66185,u3361936
tsb:66186,u3227091
tsb:66187,u3227091
tsb:66188,u3346840
tsb:66189,u3346840
tsb:66190,u3362432
tsb:66191,u3361898
tsb:66192,u1926653
tsb:66193,u3246469
tsb:66194,u3347292
tsb:66195,u3311294
tsb:66196,u3296086
tsb:66197,u3298099
tsb:66198,u5493764
tsb:66199,u3233362
tsb:66200,u3345730
tsb:66201,u3345730
tsb:66202,u3230757
tsb:66203,u3231011
tsb:66204,u3362443
tsb:66205,u3252926
tsb:66206,u3346792
tsb:66207,u3341496
tsb:66208,u4766787
tsb:66209,u3361586
tsb:66210,u4779665
tsb:66211,u3231943
tsb:66212,u3340105
tsb:66213,u3340105
tsb:66214,u3340106
tsb:66215,u3340106
tsb:66216,u3216074
tsb:66217,u3361676
tsb:66218,u4368526
tsb:66219,u3345476
tsb:66220,u3345476
tsb:66221,u3341400
tsb:66222,u3336522
tsb:66223,u6423180
tsb:66224,u3345476
tsb:66225,u3340012
tsb:66226,u3346796
tsb:66232,u3361632
tsb:66233,u1938279
tsb:66234,u6993608
tsb:66235,u6993608
tsb:66586,u1984941
tsb:66589,u2376853
tsb:87847,u2773708
tsb:88130,u4342886
tsb:88131,u4512031
tsb:88132,u4512325
tsb:88133,u4342770
tsb:88137,u4512335
tsb:88138,u4220535
tsb:103222,u5009574
tsb:103989,u2037029
tsb:104080,u826983
tsb:104081,u826793
tsb:105581,u2267124
tsb:105582,u2266140
tsb:105583,u2359545
tsb:105584,u2282642
tsb:105599,u2320159
tsb:105600,u2276184
tsb:105601,u2251012
tsb:105602,u2259398
tsb:105603,u2290509
tsb:105604,u2254226
tsb:105605,u2353770
tsb:105606,u2359003
uva-lib:627114 ,u3691092
