ID,Literal Value,Preferred Label,URI,Country Name,Admin Name,Feature Class
0026e5ac-fb9a-3db0-8f70-99708ba6c5ac,France,France,https://sws.geonames.org/3017382/,France,,A
4bb06885-79c2-3842-ae30-ad5b293e62ec,"Philadelphia, Pennsylvania, United States",Philadelphia,https://sws.geonames.org/4560349/,United States,Pennsylvania,P
ade7ab22-31bc-3530-b924-6ace69c01632,Germany,Germany,https://sws.geonames.org/2921044/,Germany,,A
739b3304-7069-3fde-908a-27072d9cb506,"Buffalo, New York, United States",Buffalo,https://sws.geonames.org/5110629/,United States,New York,P
ee6f1559-0b06-36ee-b712-80e69657c729,"Detroit, Michigan, United States",Detroit,https://sws.geonames.org/4990729/,United States,Michigan,P
07917117-4403-3fe5-8781-c56a4932cecf,"Berlin, Germany",Berlin,https://sws.geonames.org/2950159/,Germany,State of Berlin,P
60c4c7c3-6337-3b60-adfc-6e470ef86b0b,United States,South America,https://sws.geonames.org/6255150/,,,L
137c4deb-4a06-3440-9881-da72ca5ef1d7,"New York, New York, United States",New York,https://sws.geonames.org/5128581/,United States,New York,P
eae07ae7-5026-39e0-9476-8e6c13cc1d9e,"Rutherford, New Jersey, United States",Rutherford,https://sws.geonames.org/5103580/,United States,New Jersey,P
ea60259c-8b73-30ad-a255-ee9eab266f0e,"Paris, France",Paris,https://sws.geonames.org/2988507/,France,Île-de-France,P
68424df4-31e2-3c82-acba-90db8f0fd2c1,"Chicago, Illinois, United States",Chicago,https://sws.geonames.org/4887398/,United States,Illinois,P
2a47028d-7caa-3762-98ea-c79c57c23cf6,"Hillsboro, Oregon, United States",Hillsboro,https://sws.geonames.org/5731371/,United States,Oregon,P
339d9e6f-00c6-3fad-abc3-8c6cbe7383ec,"Long Island City, New York, United States",New York-Northern New Jersey-Long Island,https://sws.geonames.org/6955102/,United States,New York,L
85602faa-57ab-3b18-8abb-5a93d7bda717,"Baltimore, Maryland, United States",Baltimore,https://sws.geonames.org/4347778/,United States,Maryland,P
c7d63311-8773-3c92-9892-ef9ef0a8ba63,"Boston, Massachusetts, United States",Boston,https://sws.geonames.org/4930956/,United States,Massachusetts,P
b04cbbd8-d834-3ae1-92f3-8148ff34d4ec,"Virginia, United States",Charleston,https://sws.geonames.org/4801859/,United States,West Virginia,P
58c23f8c-a28d-3efd-a61d-1682ea5d5167,"Richmond, Virginia, United States",Richmond,https://sws.geonames.org/4781708/,United States,Virginia,P
17ce2455-53f2-3bfe-a60f-7db09821ed86,"Wheeling, West Virginia, United States",Wheeling,https://sws.geonames.org/5280854/,United States,West Virginia,P
a1b35a76-d431-389c-b68d-e42ec0c423b7,"Indianapolis, Indiana, United States",Indpls,https://sws.geonames.org/4259418/,United States,Indiana,P
14490de0-451e-3a27-9e0c-c7585ef169d7,"Cincinnati, Ohio, United States",Cincinnati,https://sws.geonames.org/4508722/,United States,Ohio,P
7e7030d3-8c01-3b7a-8188-7b845d372640,"Sheffield, England",Sheffield,https://sws.geonames.org/2638077/,United Kingdom,England,P
475f5d1d-ec6a-32d1-8958-5c600c630a08,"Conshohocken, Pennsylvania, United States",Conshohocken,https://sws.geonames.org/5185267/,United States,Pennsylvania,P
1a5228ff-971b-3979-a013-33f76decee97,"Glasgow, Scotland",Glasgow,https://sws.geonames.org/2648579/,United Kingdom,Scotland,P
859aa195-56ff-3086-9fc3-58cf7aeb732c,"New York City, New York, United States",New York,https://sws.geonames.org/5128581/,United States,New York,P
0815d13a-f472-30fc-98c8-c9a2c6eff6a0,"Charlottesville, Va.",Charlottesville,https://sws.geonames.org/4752031/,United States,Virginia,P
86772735-6038-3ea6-8b2a-e87d99277fbb,"Charlottesville, Virginia",Charlottesville,https://sws.geonames.org/4752031/,United States,Virginia,P
451c66db-1258-3941-b00a-c8b1fa026c49,"Philadelphia, Pennsylvania, United States of America",Philadelphia,https://sws.geonames.org/4560349/,United States,Pennsylvania,P
d490024c-56d8-3438-8556-2d87cf928738,"New York, United States of America",New York,https://sws.geonames.org/5128581/,United States,New York,P
c24e9d1a-c040-3610-aa79-66bfb8d6a4a4,"Buffalo, New York, United States of America",Buffalo,https://sws.geonames.org/5110629/,United States,New York,P
4a85d5fe-af4a-3617-89fe-0d9b9910f3dc,"Birmingham, Alabama, United States of America","Birmingham-Hoover, AL Metro Area",https://sws.geonames.org/12213851/,United States,Alabama,L
8bf7e42f-df72-3383-9d8d-74e72e9671ca,"Rahway, New Jersey, United States of America",Rahway,https://sws.geonames.org/5103055/,United States,New Jersey,P
007774e1-b7f8-325e-9eed-7a7c6a3d8b5b,"London, England",London,https://sws.geonames.org/2643743/,United Kingdom,England,P
a5f7d3f2-f457-35c7-8da3-7635a0bc0992,"Marshall, Michigan, United States of America",Marshall,https://sws.geonames.org/5000996/,United States,Michigan,P
6beba5aa-847f-35ac-8874-db8728ecf006,"New York, New York, United States of America",New York,https://sws.geonames.org/5128581/,United States,New York,P
3ac54a00-06df-34c7-b4dc-647750dc4ffa,"St. Louis, Missouri, United States of America",St Louis,https://sws.geonames.org/4407066/,United States,Missouri,P
f55a4782-ad12-3442-b4f6-1d3770f47053,"Chicago, Illinois United States of America",Chicago,https://sws.geonames.org/4887398/,United States,Illinois,P
3c132d1c-9058-36c8-840b-137bb1da07a0,"Alpena, Michigan, United States of America",Alpena County Regional Airport,https://sws.geonames.org/4984078/,United States,Michigan,S
cc9a63c1-cdc8-3b05-8105-136dd59ada51,"Freiburg, Germany",Freiburg im Breisgau,https://sws.geonames.org/2925177/,Germany,Baden-Wurttemberg,P
75b6f424-02ba-3994-a7cd-13a38eff5a1e,United States of America,South,https://sws.geonames.org/11887752/,United States,,L
d8df3ba3-31a1-3534-9d24-e3de67d97ec3,"Richmond, Virginia, United States of America",Richmond,https://sws.geonames.org/4781708/,United States,Virginia,P
aae499c9-26bb-3ab5-badc-8f0579353a71,"Baltimore, Maryland, United States of America",Baltimore,https://sws.geonames.org/4347778/,United States,Maryland,P
f24d2b1e-dd5e-3b61-b721-4a87ac5b82e5,"Philippi, West Virginia, United States of America",Philippi,https://sws.geonames.org/4818074/,United States,West Virginia,P
b6eccec2-3fac-3df3-84e1-964c512c00d1,"New York City, New York, United States of America",New York,https://sws.geonames.org/5128581/,United States,New York,P
5ec048f7-cbad-3e60-810a-fbacc275426f,"Detroit, Michigan, United States of America",Detroit,https://sws.geonames.org/4990729/,United States,Michigan,P
5de1b135-ecf5-3680-8197-f34ef9a3d4d8,"Flushing, New York, United States of America",Flushing,https://sws.geonames.org/5117472/,United States,New York,P
de3336d7-6579-3c5e-8dcc-6a8fbb9c4514,Albemarle County (Va.),Charlottesville-Albemarle Airport,https://sws.geonames.org/4752044/,United States,Virginia,S
a7335c08-7d32-3cd0-a2d3-744432de29da, Charlottesville (Va.),Charlottesville,https://sws.geonames.org/4752031/,United States,Virginia,P
85dff10b-4e2e-3ff6-92e1-6f82079162b5,Charlottesville (Va.),Charlottesville,https://sws.geonames.org/4752031/,United States,Virginia,P
a7e732ea-1cad-30c2-a453-d1648536985c,Monticello (Va.),Lake Monticello,https://sws.geonames.org/4768313/,United States,Virginia,P
f6a25a5b-9b2f-3eb3-b79b-77cbafabe867,Crozet (Va.),Crozet,https://sws.geonames.org/4754901/,United States,Virginia,P
1790e453-8867-30fa-9630-d8118c4ba161,Madison County (Va.),Madison,https://sws.geonames.org/4771240/,United States,Virginia,A
5fc141b3-1a57-32ce-8e19-a9dbe9588480,Rivanna River (Va.),Rivanna River,https://sws.geonames.org/4781949/,United States,Virginia,H
f5a88695-73d8-344f-9659-0c6d4d2cc748,Covesville (Va.),Covesville,https://sws.geonames.org/4754354/,United States,Virginia,P
4d6dd6c1-203e-3700-a4ce-642c4c55ec83,"University of Virginia (Charlottesville, Va.)",University of Virginia,https://sws.geonames.org/4790772/,United States,Virginia,S
7481cde2-0434-39aa-b813-e29fac0a5fa3,West Virginia,Charleston,https://sws.geonames.org/4801859/,United States,West Virginia,P
5ccb7d87-b89c-327d-b2fd-ffdd8c712d72,Fork Union (Va.),Fork Union,https://sws.geonames.org/4759663/,United States,Virginia,P
9ed0e510-dbec-3655-a1ad-6bf74172e3ba,Rockingham County (Va.),Rockingham,https://sws.geonames.org/4782579/,United States,Virginia,A
613561bf-4f58-3b56-8821-9b692d9de89a,Alberene (Va.) ,Alberene,https://sws.geonames.org/4744041/,United States,Virginia,P
17d6b208-ce22-36d3-805d-7fa3ba938900,Nelson County (Va.),Nelson,https://sws.geonames.org/4775610/,United States,Virginia,A
d1351294-9663-3f5b-acad-3ae86b534f61,Maryland,Maryland,https://sws.geonames.org/4361885/,United States,Maryland,A
8caf6cf7-db8d-336a-838d-cd588b61f23f,Bedford County (Pa.),Bedford,https://sws.geonames.org/5179633/,United States,Pennsylvania,A
339060d1-9111-3bdc-adbf-0b8abeae88b2,Alberene (Va.),Alberene,https://sws.geonames.org/4744041/,United States,Virginia,P
188a6cc6-0cca-3468-a2a1-2bbbc6e8c7e5,Esmont (Va.),Esmont,https://sws.geonames.org/4757826/,United States,Virginia,P
8cfce021-f078-3895-8647-5069c573f73c,Fauquier County (Va.),Warrenton,https://sws.geonames.org/4792255/,United States,Virginia,P
5b552361-7e52-3978-b47a-14e86e5e4676,Cobham (Va.),Cobham,https://sws.geonames.org/4753358/,United States,Virginia,P
bc9c5bc5-155e-3275-9f18-a8f3bfdf9acf,Richmond (Va.),Richmond,https://sws.geonames.org/4781708/,United States,Virginia,P
4406521b-1b03-3dc8-b8fa-afc7d267813c,Staunton (Va.),Staunton,https://sws.geonames.org/4787440/,United States,Virginia,P
22b7cddf-6c14-3cf5-9a3c-362521288aa8,Albemarle (Va.),Charlottesville-Albemarle Airport,https://sws.geonames.org/4752044/,United States,Virginia,S
100d13d4-2e30-37be-87e6-ca23bbd73085,Barboursville (Va.),Barboursville,https://sws.geonames.org/4745556/,United States,Virginia,P
08fdf1f8-a392-3dd7-9684-6fcbe52b18ea,Virginia,Charleston,https://sws.geonames.org/4801859/,United States,West Virginia,P
3c21deb3-9b4e-39c0-b248-792523b39eef,Accomack,Accomack,https://sws.geonames.org/4743865/,United States,Virginia,A
22e0ddec-625d-3baa-9e64-f4c7d5dfd96e,Albemarle,Albemarle,https://sws.geonames.org/4744031/,United States,Virginia,A
492040dc-2176-31fb-a8fb-b7b8133f37e6,Appomattox,Appomattox,https://sws.geonames.org/4744616/,United States,Virginia,A
2450dc40-8150-39d6-8599-0f4cd22aae6e,Buckingham,Buckingham,https://sws.geonames.org/4749657/,United States,Virginia,A
9dc1e0f1-2555-3ab0-ba8b-d0cdb4293707,Caroline,Caroline,https://sws.geonames.org/11807441/,Canada,Alberta,A
39fc1a97-3596-301d-8186-80f84674521f,Charles City,Charles City,https://sws.geonames.org/4752002/,United States,Virginia,A
258f2264-8a27-3a09-b8d9-7f727e2afc0f,Dinwiddie,Dinwiddie,https://sws.geonames.org/4755976/,United States,Virginia,A
c98f66bd-2a69-34b1-9dc0-5e4158a5af32,Essex,Essex,https://sws.geonames.org/2649889/,United Kingdom,England,A
43f94456-83df-32b4-b74d-d77db8f09877,Fluvanna,Fluvanna,https://sws.geonames.org/4759468/,United States,Virginia,A
cccaa75b-07ec-3e79-a374-f367dcdce408,Frederick,Frederick County,https://sws.geonames.org/4355594/,United States,Maryland,A
79dac44a-3f1f-36ae-bd90-22ca9d05eea6,Fredericksburg,Fredericksburg,https://sws.geonames.org/4760084/,United States,Virginia,A
6669cc7b-eadf-35c6-940f-75e05af27a94,Gloucester,Gloucester County,https://sws.geonames.org/8593708/,Canada,New Brunswick,A
0806db4e-e320-349e-976b-eb8b6ed75297,Goochland,Goochland,https://sws.geonames.org/4761280/,United States,Virginia,A
e55f73b6-7afb-3aa8-9153-7cfec7d61513,Hanover,Hanover,https://sws.geonames.org/3490145/,Jamaica,Hanover,A
bf22404c-a8d6-344d-9de1-f53c730c5eda,James City,James City,https://sws.geonames.org/4766447/,United States,Virginia,A
fc8d9268-de4a-3123-ad36-4b2528c67138,King George,King George,https://sws.geonames.org/4767772/,United States,Virginia,A
1de21efb-afe3-34ae-a1e3-e0245dcc5252,King and Queen,King and Queen,https://sws.geonames.org/4767793/,United States,Virginia,A
2b76e56c-3ee1-35cb-b065-d828425a0a7a,King William,King William,https://sws.geonames.org/4767790/,United States,Virginia,A
8491d45f-c07d-39df-abde-0ac5b78dbe95,Lancaster,Lancaster,https://sws.geonames.org/11495521/,Jamaica,Manchester,A
d4abea98-e67e-3868-a721-ffbeb46efbd9,Loudoun,Loudoun,https://sws.geonames.org/4770746/,United States,Virginia,A
76a421ab-8ae2-3ce7-8414-dcbcb4e0aff9,Louisa,Louisa,https://sws.geonames.org/4865506/,United States,Iowa,A
db7c5cd8-6e58-30a5-ae09-91bd99ba2a3d,Mecklenburg,Mecklenburg-Vorpommern,https://sws.geonames.org/2872567/,Germany,Mecklenburg-Vorpommern,A
c89b37c2-4496-3d8d-b5ef-65179afc635b,Nelson,Nelson City,https://sws.geonames.org/7910055/,New Zealand,Nelson Region,A
ac3e283d-ff70-333e-851d-02e9c1e9d34e,New Kent,New Kent,https://sws.geonames.org/4775834/,United States,Virginia,A
d4a7d731-c1e1-3a73-9749-85a244a92fbb,Norfolk,Norfolk Island,https://sws.geonames.org/2155115/,Norfolk Island,,A
b6c28bb3-7e1f-348b-ae2a-92edfd19a34d,Northampton,Northampton,https://sws.geonames.org/7839625/,Australia,Western Australia,A
823a1e2d-2a7a-3259-89a8-35b1559fcbba,Prince William,Prince William,https://sws.geonames.org/4780384/,United States,Virginia,A
df56cd1e-1e03-3aad-936e-5e24526931e7,Princess Anne,Town of Princess Anne,https://sws.geonames.org/7162093/,United States,Maryland,A
17d9a54e-99fd-3640-a678-d89a109dbfe7,Richmond,Richmond,https://sws.geonames.org/11495123/,Jamaica,Saint Mary Parish,A
48a54e97-6b06-3364-9a5f-bc90d724efd2,Roanoke,City of Roanoke,https://sws.geonames.org/4782241/,United States,Virginia,A
af9ab94c-701e-3c4e-bacc-1d55bbce910c,Spotsylvania,Spotsylvania,https://sws.geonames.org/4786949/,United States,Virginia,A
a5990b19-8358-35e5-9971-8b4623cfa850,Stafford,Stafford,https://sws.geonames.org/4787248/,United States,Virginia,A
f1974da7-3958-3364-b4a6-b6962e15be4f,Surry,Surry,https://sws.geonames.org/4494132/,United States,North Carolina,A
6f313224-8875-3c2e-ba5f-14541fb93468,"London, England, United Kingdom",London,https://sws.geonames.org/2643743/,United Kingdom,England,P
714ead99-cf28-3cc0-bcd7-41af0b1ee0be,"Los Angeles, California, United States of America",Los Angeles,https://sws.geonames.org/5368361/,United States,California,P
6f49297f-d0f3-34bc-9a3e-5738e44229cd,Italy,Italy,https://sws.geonames.org/3175395/,Italy,,A
d578644b-3bae-35ae-9f3c-977ae98a0a05,"Elkhart, Indiana, United States of America",Elkhart,https://sws.geonames.org/4919987/,United States,Indiana,P
1451bc89-e712-3958-8f9b-5217aeba67ce,"Norwood, Ohio, United States of America",Norwood,https://sws.geonames.org/4519995/,United States,Ohio,P
a14f3b96-ed9d-37c4-ac95-e8dbd717577a,"Brooklyn, New York, United States of America",Brooklyn,https://sws.geonames.org/5110302/,United States,New York,P
b277c0a8-fbbc-3aa6-83e9-c96a211b2c41,"Vineland, New Jersey, United States of America",Vineland,https://sws.geonames.org/4504621/,United States,New Jersey,P
37e251ea-8d6d-352f-9f0c-b3da05994124,"Cleveland, Ohio, United States of America",Cleveland,https://sws.geonames.org/5150529/,United States,Ohio,P
1441c278-63f6-354c-a2de-53ab84119ead,"Chicago, Illinois, United States of America",Chicago,https://sws.geonames.org/4887398/,United States,Illinois,P
19992e35-30d8-3771-b170-091301c70a94,"Raritan, New Jersey, United States of America",Raritan,https://sws.geonames.org/5103116/,United States,New Jersey,P
6b22c5d0-8e12-3954-8dab-5d1cffc30d68,"Evanston, Illinois, United States of America",Evanston,https://sws.geonames.org/4891382/,United States,Illinois,P
6c908c8d-547f-3c08-bc81-8ad1a9f7b580,"Rutherford, New Jersey, United States of America",Rutherford,https://sws.geonames.org/5103580/,United States,New Jersey,P
82228d9a-982e-3120-999f-82c8a0799a8f,"Auburn, New York, United States of America",Auburn,https://sws.geonames.org/5107505/,United States,New York,P
0c3e4f96-8abb-350f-bc13-3f2dcdf2999a,"Providence, Rhode Island, United States of America",Providence,https://sws.geonames.org/5224151/,United States,Rhode Island,P
69e0d62c-11d4-3b1d-86e7-089c787ee949,"Newark, New Jersey, United States of America",Newark,https://sws.geonames.org/5101798/,United States,New Jersey,P
a1fb6d7d-e814-35ad-bf92-3f185d78578b,"Portsmouth, Virginia, United States of America",Portsmouth,https://sws.geonames.org/4779999/,United States,Virginia,P
5979c813-80a0-38c0-8670-b37ef0491380,"Boston, Massachusetts, United States of America",Boston,https://sws.geonames.org/4930956/,United States,Massachusetts,P
4360a19c-65b6-3b48-bc6d-49ed654b9b33,"England, United Kingdom",East of England,https://sws.geonames.org/11591954/,United Kingdom,England,L
5780b91d-d11e-3f3f-9419-6a019b166408,"Cincinnati, Ohio, United States of America",Cincinnati,https://sws.geonames.org/4508722/,United States,Ohio,P
288b8c92-3a94-3228-b733-eec39000a111,"Sheffield, England, United Kingdom",Sheffield,https://sws.geonames.org/2638077/,United Kingdom,England,P
5e6ce037-87cf-3015-849a-308f64b7ca4d,"Elmsford, New York, United States of America",Elmsford,https://sws.geonames.org/5116512/,United States,New York,P
b6108fbd-ba34-3303-9d82-b9edd8cd7359,"Wetzlar, Germany",Wetzlar,https://sws.geonames.org/2809889/,Germany,Hesse,P
9d42af82-1fe3-34db-886a-4ed444136bff,Sweeden,Sweeden,https://sws.geonames.org/4310346/,United States,Kentucky,P
73e4f451-e8d8-3027-9229-efd96f33a80f,"New Jersey, United States of America",Jersey City,https://sws.geonames.org/5099836/,United States,New Jersey,P
d76e7a6c-ba31-34f3-b75e-7c70f5ee43f5,"Trenton, New Jersey, United States of America",Trenton,https://sws.geonames.org/5105496/,United States,New Jersey,P
c4d072e8-b121-32ec-9957-850273cbbd1d,"Rochester, New York, United States of America",Rochester,https://sws.geonames.org/5134086/,United States,New York,P
c85c1443-64cb-3227-af0f-0a038b732f99,"Hong Kong, China",Hong Kong,https://sws.geonames.org/1819729/,Hong Kong,,P
4fc5ff3b-f32a-3bdf-8a51-b2877ceb3a91,"Rock Island, Illinois, United States of America",Rock Island,https://sws.geonames.org/4907907/,United States,Illinois,P
2c39d868-45c2-3a57-a2a3-065d5a7c741c,"Salem, Virginia, United States of America",Salem,https://sws.geonames.org/4784112/,United States,Virginia,P
3d087266-0c1b-399b-8934-aa71f79d4722,"Mount Vernon, New York, United States of America",Mount Vernon,https://sws.geonames.org/5127835/,United States,New York,P
982b3f85-ec8d-3b89-8181-e51b1bdaa503,Bedford,Bedford,https://sws.geonames.org/4746289/,United States,Virginia,A
f4b72ce9-c2ff-3282-a153-db38642fb913,Culpeper,Culpeper,https://sws.geonames.org/4754972/,United States,Virginia,A
b50f7830-d528-358d-8a23-c5edb4dfc38d,Fairfax,City of Fairfax,https://sws.geonames.org/4758109/,United States,Virginia,A
8041d224-6120-3338-9b9c-cd8f11bca85a,Henrico,Henrico,https://sws.geonames.org/4763688/,United States,Virginia,A
335bae1a-a6cd-3cf3-99da-dbd997d9d079,Isle of Wight,Isle of Wight,https://sws.geonames.org/2646007/,United Kingdom,England,A
ed721005-6cde-3f52-a9d5-9b802fa126eb,Mathews,Mathews,https://sws.geonames.org/4771977/,United States,Virginia,A
e7c4d1f5-f289-300c-a505-4a7087ca3a9e,Middlesex,Middlesex County,https://sws.geonames.org/6073256/,Canada,Ontario,A
ff0f96f0-febe-39a9-942b-e199b9356017,Montgomery,Montgomery,https://sws.geonames.org/5201756/,United States,Pennsylvania,A
4d96d6a8-67d7-3fd4-87fa-842250861c7c,Northumberland,Northumberland,https://sws.geonames.org/2641235/,United Kingdom,England,A
cbe342e9-39ca-37e2-8442-28c4e1333f3d,Prince George,Prince George's,https://sws.geonames.org/4366164/,United States,Maryland,A
22ef53de-ef19-3f13-9461-9098cf167fb7,Westmoreland,Westmoreland,https://sws.geonames.org/3488081/,Jamaica,Westmoreland,A
a3214bb6-9a17-3bda-915e-8c6dd86f3c9d,York,York,https://sws.geonames.org/11495697/,Jamaica,Saint Thomas Parish,A
17e6732e-8fee-3e07-b038-a7385cb7de2f,Amherst,Amherst,https://sws.geonames.org/5884469/,Canada,Quebec,A
bf1895f7-924f-3e79-b6f4-6b5e50cdc628,Botetourt,Botetourt,https://sws.geonames.org/4748452/,United States,Virginia,A
c85d1577-c2a3-39a0-950c-2401cf6e0527,Chesterfield,Chesterfield,https://sws.geonames.org/4574554/,United States,South Carolina,A
456fc8c6-3f99-3ac2-813d-9556469992ad,Clarke,Clarke's Beach,https://sws.geonames.org/12874208/,Canada,Newfoundland and Labrador,A
cc1f0d8e-65eb-3c48-bd78-a0b0b244e8aa,", ",India,https://sws.geonames.org/1269750/,India,,A
84ff4945-65f1-3c2d-9b1b-d03556807423,Nansemond,Nansemond County (historical),https://sws.geonames.org/4775409/,United States,Virginia,A
6bc97c9b-fe57-3ddf-b0f7-65f04bde779d,Powhatan,Powhatan,https://sws.geonames.org/4780225/,United States,Virginia,A
09b94bbc-d292-37d5-ac15-44bc1751780e,Warren,Warren,https://sws.geonames.org/5242521/,United States,Vermont,A
4a43958b-6e9c-32b5-b401-24aaf7e7047a,Warwick,Warwick Parish,https://sws.geonames.org/3572972/,Bermuda,Warwick,A
cf04e079-a338-3190-8d0e-5556c99b92e1,Alleghany,Alleghany,https://sws.geonames.org/4744139/,United States,Virginia,A
bec7def5-f3e2-3830-825e-ef226359f2a4,Pittsylvania,Pittsylvania,https://sws.geonames.org/4779336/,United States,Virginia,A
78ba712f-074a-310b-a8ed-a5ec6268164c,Austria,Austria,https://sws.geonames.org/2782113/,Austria,,A
6e4b3d5a-6e29-39d3-911a-fbde99d7ab61,"Harrisonburg, Virginia, United States of America",Harrisonburg,https://sws.geonames.org/4763231/,United States,Virginia,P
d339fcf1-a369-37fd-82d8-f439ab4eddc8,"Coethen, Germany",Köthen,https://sws.geonames.org/2885237/,Germany,Saxony-Anhalt,P
dcebd0ec-9d66-3d9f-a8c4-dd7f1b0165c2,"Conshohocken, Pennsylvania, United States of America",Conshohocken,https://sws.geonames.org/5185267/,United States,Pennsylvania,P
5e438e99-701f-3d25-940b-a8d0cdb1d369,"Lynchburg, Virginia, United States of America",Lynchburg,https://sws.geonames.org/4771075/,United States,Virginia,P
30f7c931-5aab-30b4-985d-1fea7b95d473,"Long Island, New York, United States of America",New York-Northern New Jersey-Long Island,https://sws.geonames.org/6955102/,United States,New York,L
17687014-f11f-360a-913e-62973a4bdafc,Portugal,Portugal,https://sws.geonames.org/2264397/,Portugal,,A
39abe3c8-c920-392e-bcf7-1d117b0be127,"Burlington, Iowa, United States of America",West Burlington,https://sws.geonames.org/4881322/,United States,Iowa,P
36ed1ed8-4e65-3747-ad3a-555f145b49cc,"New York, United States",New York,https://sws.geonames.org/5128581/,United States,New York,P
a0637855-8f97-30fb-bdd3-65185852496c,England,New England,https://sws.geonames.org/11919979/,United States,,L
7ece82b8-7946-353c-ae00-237533b4f308,Panama,Panama,https://sws.geonames.org/3703430/,Panama,,A
3fe3899d-640e-33cb-be8b-31db6d0f1b37,"Memphis, New York, United States of America",Memphis,https://sws.geonames.org/5126586/,United States,New York,P
cdf7fd5c-e48e-38c4-bdb1-8166056a41a4,Japan,Japan,https://sws.geonames.org/1861060/,Japan,,A
aebe5b5a-d538-3b2f-910d-105fc63365f6,Great Britain,United Kingdom,https://sws.geonames.org/2635167/,United Kingdom,,A
6381b33a-cf80-3ecb-b3e2-aa63a77f8d1b,"Washington, D.C., United States of America",Washington,https://sws.geonames.org/4140963/,United States,District of Columbia,P
ed0cfbcf-dbfa-3cb0-9b5c-01703eb24fd3,"Copiague, New York, United States of America",Copiague,https://sws.geonames.org/5113683/,United States,New York,P
b2979569-8a1c-3c55-86fc-7897464aa2d2,"Jersey City, New Jersey, United States of America",Jersey City,https://sws.geonames.org/5099836/,United States,New Jersey,P
64aeb4dd-8fe3-3ca8-bba7-eb709199140b,"Hammond, Indiana, United States of America",Hammond,https://sws.geonames.org/4921100/,United States,Indiana,P
b347fb39-141c-3061-84ef-b372f0c9876a,"Ebingen, Germany",Ebingen,https://sws.geonames.org/2933851/,Germany,Baden-Wurttemberg,P
9851a670-8599-367b-819e-ae3ee4c8f553,China,China,https://sws.geonames.org/1814991/,China,,A
6b779f55-1195-3cf1-a750-cd4ddf2d2b45,Netherlands,Netherlands,https://sws.geonames.org/2750405/,The Netherlands,,A
d95049d6-6725-381b-b5a7-09e0e16acc69,"Edison, New Jersey, United States of America",Edison,https://sws.geonames.org/5097529/,United States,New Jersey,P
c466021a-c3b6-35c1-b5ec-7fb08ebb11be,Sweden,Sweden,https://sws.geonames.org/2661886/,Sweden,,A
e0a50fb8-4bbe-308b-b66d-a04b60e787ee,"Schenectady, New York, United States of America",Schenectady,https://sws.geonames.org/5136454/,United States,New York,P
c34fe09a-735a-3593-9fba-0227cd598ae8,"Middletown, New York, United States of America",Middletown,https://sws.geonames.org/5126842/,United States,New York,P
5f9c6bda-2e9f-3d36-9e67-5e397a207455,"Wheaton, New Jersey, United States of America",Wheaton Run,https://sws.geonames.org/4504824/,United States,New Jersey,H
252e08d0-7556-3ba8-b4bf-308f08d8752f,"Illinois, United States of America",Illinois,https://sws.geonames.org/4896861/,United States,Illinois,A
2149ebe9-36b8-33b1-b1bc-02f1448039be,"Kalamazoo, Michigan, United States of America",Kalamazoo,https://sws.geonames.org/4997787/,United States,Michigan,P
2ecf9e7e-dfc9-3499-a7b0-13813f5c7361,"New Orleans, Louisiana, United States of America",New Orleans,https://sws.geonames.org/4335045/,United States,Louisiana,P
ad053913-20fa-37cb-b21d-07cab85c9075,"Terryville, Connecticut, United States of America",Terryville,https://sws.geonames.org/4844084/,United States,Connecticut,P
9ce3843e-ec93-3f83-a080-9b4b7f425dd6,"United States, United States",South America,https://sws.geonames.org/6255150/,,,L
