ID,Literal Value,Preferred Label,URI
d3b7d590-0352-3bf0-a922-d1ab49157c0a,Negatives,negatives (photographs),http://vocab.getty.edu/aat/300127173
d65447e5-9513-30dd-ae66-484f5c832a52,black-and-white photographs,black-and-white photographs,http://vocab.getty.edu/aat/300128347
01d15a36-4da5-3528-9b9c-3dd36a7a2913,Glass negatives,glass plate negatives,http://vocab.getty.edu/aat/300393160
ef20a7b7-5f9e-3a0e-94cc-b4922405fd7f,Photographs,photographs,http://vocab.getty.edu/aat/300046300
fd1e2939-c1ec-3026-8416-6f11ee5c86fa,Film negatives,photographic film (photographic materials),http://vocab.getty.edu/aat/300014638
b47ab210-dc0e-3881-bea6-bfdd1e5778fc,black-and-white negatives,black-and-white negatives,http://vocab.getty.edu/aat/300128343
d41157af-42ca-3bba-ad16-d1a07795650f,chromolithographs,chromolithographs,http://vocab.getty.edu/aat/300041384
eb71d61a-43a2-3897-9738-83fc47181aee,caricatures,caricatures,http://vocab.getty.edu/aat/300015634
cf0a4aeb-2000-301a-a045-7dfeea7079cc,color photographs,color photographs,http://vocab.getty.edu/aat/300128359
7151df82-e071-399c-9373-7d1f88153f85,Architectural photographs,architectural photography,http://vocab.getty.edu/aat/300435151
c7e40f1e-6af1-3677-b5b4-c1335d1a9687,gelatin silver prints,gelatin silver prints,http://vocab.getty.edu/aat/300128695
0761510e-587f-399a-81b7-54abd7214066,Lantern slides,lantern slides,http://vocab.getty.edu/aat/300134977
3453cf81-5a70-3684-99c2-52c30b046d1b,color negatives,color negatives,http://vocab.getty.edu/aat/300128357
702991f5-1511-38ca-aaac-2b1b74fc9cce,albumen prints,albumen prints,http://vocab.getty.edu/aat/300127121
07ae4a1a-6da5-34fd-afcb-123b3c80ba18,photogravures (prints) ,photogravures (prints),http://vocab.getty.edu/aat/300154382
6fcec8c3-be59-37cd-bb6c-8e2caf9baed4,sketches,sketches,http://vocab.getty.edu/aat/300015617
c4439784-60f7-3bcf-b6b0-29d518737a42,sepia prints,sepia prints,http://vocab.getty.edu/aat/300115233
